record_type,dataset_slug,display_name_en,display_name_zh,logical_dataset_id,physical_dataset_ids_json,physical_source_files_json,target_id,label_type,label_unit,readiness_status,artifact_status,license_id,row_count,content_sha256,release_path,metadata_path,source_links_path
corpus,ahneman-c-n-cross-coupling,Ahneman C-N Cross-Coupling,Ahneman C-N 交叉偶联,physical_46ff9a32d9e04016b9380b1b1ef949c3,"[""ord_dataset-46ff9a32d9e04016b9380b1b1ef949c3""]","[""data/46/ord_dataset-46ff9a32d9e04016b9380b1b1ef949c3.parquet""]",,,,complete_corpus_pending_release_validation,staged,CC-BY-SA-4.0,4312,889ed18c722dde3ba1a2f0e745091f4a6e330c985e42a79369072dd288e9a27c,datasets/corpus/ahneman-c-n-cross-coupling,datasets/corpus/ahneman-c-n-cross-coupling/metadata.json,datasets/corpus/ahneman-c-n-cross-coupling/source-links.json
corpus,aichemeeco-amide-coupling-conditions,AIChemEco Amide-Coupling Conditions,AIChemEco 酰胺偶联条件,physical_47eaacc46c3a4487bbdf99adb1a15e41,"[""ord_dataset-47eaacc46c3a4487bbdf99adb1a15e41""]","[""data/47/ord_dataset-47eaacc46c3a4487bbdf99adb1a15e41.parquet""]",,,,complete_corpus_pending_release_validation,staged,CC-BY-SA-4.0,47015,898a686aadf805f97b3660fdced6133ad51ffc4cac48db35fa88283b487ae60c,datasets/corpus/aichemeeco-amide-coupling-conditions,datasets/corpus/aichemeeco-amide-coupling-conditions/metadata.json,datasets/corpus/aichemeeco-amide-coupling-conditions/source-links.json
corpus,astrazeneca-eln-buchwald-hartwig-yields,AstraZeneca ELN Buchwald-Hartwig Yields,阿斯利康 ELN Buchwald-Hartwig 产率,physical_00005539a1e04c809a9a78647bea649c,"[""ord_dataset-00005539a1e04c809a9a78647bea649c""]","[""data/00/ord_dataset-00005539a1e04c809a9a78647bea649c.parquet""]",,,,complete_corpus_pending_release_validation,staged,CC-BY-SA-4.0,750,a27ec65da5129e401247c840ab9ff7f23877ed7f1d54fe133aaa2ff48d42d241,datasets/corpus/astrazeneca-eln-buchwald-hartwig-yields,datasets/corpus/astrazeneca-eln-buchwald-hartwig-yields/metadata.json,datasets/corpus/astrazeneca-eln-buchwald-hartwig-yields/source-links.json
corpus,asymmetric-alkylation-chemical-space,Asymmetric Alkylation Chemical Space,不对称烷基化化学空间,physical_c5b00523487a4211a194160edf45e9ab,"[""ord_dataset-c5b00523487a4211a194160edf45e9ab""]","[""data/c5/ord_dataset-c5b00523487a4211a194160edf45e9ab.parquet""]",,,,complete_corpus_pending_release_validation,staged,CC-BY-SA-4.0,1430,77681a945d66fe8801d50bd75b2b3512d4f115c8d8d337b12a5e72b3f97ec4a1,datasets/corpus/asymmetric-alkylation-chemical-space,datasets/corpus/asymmetric-alkylation-chemical-space/metadata.json,datasets/corpus/asymmetric-alkylation-chemical-space/source-links.json
corpus,automated-kinetic-profiling-hplc-optimization,Automated Kinetic Profiling HPLC Optimization,自动动力学 HPLC 优化,physical_35a5a513f1dd44a3a97c88da99f81a00,"[""ord_dataset-35a5a513f1dd44a3a97c88da99f81a00""]","[""data/35/ord_dataset-35a5a513f1dd44a3a97c88da99f81a00.parquet""]",,,,complete_corpus_pending_release_validation,staged,CC-BY-SA-4.0,7,f65cae93bd38aa357f1da868d87c01d4cf92680f410bc9be66e9558aa586d91e,datasets/corpus/automated-kinetic-profiling-hplc-optimization,datasets/corpus/automated-kinetic-profiling-hplc-optimization/metadata.json,datasets/corpus/automated-kinetic-profiling-hplc-optimization/source-links.json
corpus,aza-heck-impatien-a-ligand-screen,Aza-Heck Impatien A Ligand Screen,Impatien A 偶氮-Heck 配体筛选,physical_5e8318f0dda04b398c14f4c3adfeb32c,"[""ord_dataset-5e8318f0dda04b398c14f4c3adfeb32c""]","[""data/5e/ord_dataset-5e8318f0dda04b398c14f4c3adfeb32c.parquet""]",,,,complete_corpus_pending_release_validation,staged,CC-BY-SA-4.0,24,ed3ae842e0842644f12649ab6b98b7ea533fcdb1b30a924c6a243a11c0efabbf,datasets/corpus/aza-heck-impatien-a-ligand-screen,datasets/corpus/aza-heck-impatien-a-ligand-screen/metadata.json,datasets/corpus/aza-heck-impatien-a-ligand-screen/source-links.json
corpus,cernak-miniaturized-diversity-reactions,Cernak Miniaturized Diversity Reactions,Cernak 微型化多样性反应,lit_10_1038_s44160_023_00351_1,"[""ord_dataset-172039a759a440219a68af62d203b79b"", ""ord_dataset-2be11f57f3304e678ea8469baf6dd1bc"", ""ord_dataset-3b8a2ef300e145468579027f206a3ac8""]","[""data/17/ord_dataset-172039a759a440219a68af62d203b79b.parquet"", ""data/2b/ord_dataset-2be11f57f3304e678ea8469baf6dd1bc.parquet"", ""data/3b/ord_dataset-3b8a2ef300e145468579027f206a3ac8.parquet""]",,,,complete_corpus_pending_release_validation,staged,CC-BY-SA-4.0,2696,382ab2c212422db21075715eff0259ac57a92a5e9f6a8b1df7ee50dadaca91b1,datasets/corpus/cernak-miniaturized-diversity-reactions,datasets/corpus/cernak-miniaturized-diversity-reactions/metadata.json,datasets/corpus/cernak-miniaturized-diversity-reactions/source-links.json
corpus,cernak-ultra-hte-c-n-coupling,Cernak Ultra-HTE C-N Coupling,Cernak 超高通量 C-N 偶联,physical_805ad863feef48579d95d86a728035f4,"[""ord_dataset-805ad863feef48579d95d86a728035f4""]","[""data/80/ord_dataset-805ad863feef48579d95d86a728035f4.parquet""]",,,,complete_corpus_pending_release_validation,staged,CC-BY-SA-4.0,50688,5ea9115349950fbd3e51d2cb5314d0f0b4cb07ea9250f2e01ea252f6bcb9152e,datasets/corpus/cernak-ultra-hte-c-n-coupling,datasets/corpus/cernak-ultra-hte-c-n-coupling/metadata.json,datasets/corpus/cernak-ultra-hte-c-n-coupling/source-links.json
corpus,chan-lam-sulfonamide-boronic-acid-coupling,Chan-Lam Sulfonamide-Boronic-Acid Coupling,Chan-Lam 磺酰胺-硼酸偶联,physical_5c9a10329a8a48968d18879a48bb8ab2,"[""ord_dataset-5c9a10329a8a48968d18879a48bb8ab2""]","[""data/5c/ord_dataset-5c9a10329a8a48968d18879a48bb8ab2.parquet""]",,,,complete_corpus_pending_release_validation,staged,CC-BY-SA-4.0,9632,3b707a1f7b07b384dd7590cc374b38e505de2725f90088cb03c1846a6b3383c4,datasets/corpus/chan-lam-sulfonamide-boronic-acid-coupling,datasets/corpus/chan-lam-sulfonamide-boronic-acid-coupling/metadata.json,datasets/corpus/chan-lam-sulfonamide-boronic-acid-coupling/source-links.json
corpus,chemistry-informer-libraries,Chemistry Informer Libraries,化学信息员库,lit_10_1039_c5sc04751j,"[""ord_dataset-4d431564f3ef4e9c91d8da5836f4eae6"", ""ord_dataset-d319c2a22ecf4ce59db1a18ae71d529c""]","[""data/4d/ord_dataset-4d431564f3ef4e9c91d8da5836f4eae6.parquet"", ""data/d3/ord_dataset-d319c2a22ecf4ce59db1a18ae71d529c.parquet""]",,,,complete_corpus_pending_release_validation,staged,CC-BY-SA-4.0,354,1c4bdf20e22eaa9518032320be27b11524c9ad8295e04b357443e7d4439303df,datasets/corpus/chemistry-informer-libraries,datasets/corpus/chemistry-informer-libraries/metadata.json,datasets/corpus/chemistry-informer-libraries/source-links.json
corpus,chemrxiv-decarboxylative-olefination-campaigns,ChemRxiv Decarboxylative Olefination Campaigns,ChemRxiv 脱羧烯烃化优化系列,lit_10_26434_chemrxiv_15001213,"[""ord_dataset-c703268ea43a4c7e802c6048b6166b34"", ""ord_dataset-dc0249930af34d17a3c76881a762aebf""]","[""data/c7/ord_dataset-c703268ea43a4c7e802c6048b6166b34.parquet"", ""data/dc/ord_dataset-dc0249930af34d17a3c76881a762aebf.parquet""]",,,,complete_corpus_pending_release_validation,staged,CC-BY-SA-4.0,256,c8e3217f43c6f1fa380bd749e89f7f3ef657bbdc722c578511cb911b4907ab19,datasets/corpus/chemrxiv-decarboxylative-olefination-campaigns,datasets/corpus/chemrxiv-decarboxylative-olefination-campaigns/metadata.json,datasets/corpus/chemrxiv-decarboxylative-olefination-campaigns/source-links.json
corpus,chemrxiv-imidazole-arylation-and-aniline-amidation,ChemRxiv Imidazole Arylation and Aniline Amidation,ChemRxiv 咪唑芳基化与苯胺酰胺化,upstream_chemrxiv_64c7e2e1658ec5f7e5808425,"[""ord_dataset-675eddcaa6674ce3ae61e79bbc1e1c08"", ""ord_dataset-7acd6ad2bf4d4cff841cad008ab726d5""]","[""data/67/ord_dataset-675eddcaa6674ce3ae61e79bbc1e1c08.parquet"", ""data/7a/ord_dataset-7acd6ad2bf4d4cff841cad008ab726d5.parquet""]",,,,complete_corpus_pending_release_validation,staged,CC-BY-SA-4.0,2496,339bcf4fc4cb5e142b4480c756fd3ab67f305fb9e71f49de64ed8462059ed27d,datasets/corpus/chemrxiv-imidazole-arylation-and-aniline-amidation,datasets/corpus/chemrxiv-imidazole-arylation-and-aniline-amidation/metadata.json,datasets/corpus/chemrxiv-imidazole-arylation-and-aniline-amidation/source-links.json
corpus,copper-enantioselective-alkene-hydroamination,Copper Enantioselective Alkene Hydroamination,铜催化烯烃对映选择性氢胺化,physical_5540e162c09f4c04905ddc8ba9c931c6,"[""ord_dataset-5540e162c09f4c04905ddc8ba9c931c6""]","[""data/55/ord_dataset-5540e162c09f4c04905ddc8ba9c931c6.parquet""]",,,,complete_corpus_pending_release_validation,staged,CC-BY-SA-4.0,3,276c0a63a02aae1944cd7d8190856666c64feb7325039882ac90cccee4f39df6,datasets/corpus/copper-enantioselective-alkene-hydroamination,datasets/corpus/copper-enantioselective-alkene-hydroamination/metadata.json,datasets/corpus/copper-enantioselective-alkene-hydroamination/source-links.json
corpus,deoxyfluorination-screen,Deoxyfluorination Screen,脱氧氟化筛选,physical_fc83743b978f4deea7d6856deacbfe53,"[""ord_dataset-fc83743b978f4deea7d6856deacbfe53""]","[""data/fc/ord_dataset-fc83743b978f4deea7d6856deacbfe53.parquet""]",,,,complete_corpus_pending_release_validation,staged,CC-BY-SA-4.0,80,fb3c48026fef6a6c5e6314ed5c8ef0f23a1b3e170ea1a34ac947bdb7cf636414,datasets/corpus/deoxyfluorination-screen,datasets/corpus/deoxyfluorination-screen/metadata.json,datasets/corpus/deoxyfluorination-screen/source-links.json
corpus,electroreductive-alkenyl-benzyl-halide-coupling,Electroreductive Alkenyl-Benzyl-Halide Coupling,电还原烯基-苄基卤化物偶联,physical_8d1e28ec1f6b4ee8ad372e0b5ed7a62e,"[""ord_dataset-8d1e28ec1f6b4ee8ad372e0b5ed7a62e""]","[""data/8d/ord_dataset-8d1e28ec1f6b4ee8ad372e0b5ed7a62e.parquet""]",,,,complete_corpus_pending_release_validation,staged,CC-BY-SA-4.0,27,269eb56079ee70cac2e30bb994d31cb509932e4f28c0663e917509f388488195,datasets/corpus/electroreductive-alkenyl-benzyl-halide-coupling,datasets/corpus/electroreductive-alkenyl-benzyl-halide-coupling/metadata.json,datasets/corpus/electroreductive-alkenyl-benzyl-halide-coupling/source-links.json
corpus,flow-catechol-rearrangement,Flow Catechol Rearrangement,连续流儿茶酚重排,physical_1ec2807f02fa4beda27d2a81b86eb843,"[""ord_dataset-1ec2807f02fa4beda27d2a81b86eb843""]","[""data/1e/ord_dataset-1ec2807f02fa4beda27d2a81b86eb843.parquet""]",,,,complete_corpus_pending_release_validation,staged,CC-BY-SA-4.0,1227,ba1d79d673196ea5cba980d23c70be89b30ef146d82eed0c8a78b1fe8ed7a1c8,datasets/corpus/flow-catechol-rearrangement,datasets/corpus/flow-catechol-rearrangement/metadata.json,datasets/corpus/flow-catechol-rearrangement/source-links.json
corpus,golden-pyridine-nucleophile-cross-coupling,Golden Pyridine-Nucleophile Cross-Coupling,Golden 吡啶-亲核试剂交叉偶联,physical_a12fa15d036d489c971b0b514caeae52,"[""ord_dataset-a12fa15d036d489c971b0b514caeae52""]","[""data/a1/ord_dataset-a12fa15d036d489c971b0b514caeae52.parquet""]",,,,complete_corpus_pending_release_validation,staged,CC-BY-SA-4.0,288,7f541277c66955ad387840de42eb86c302022700ee8eaf01dc98db44cd9a4155,datasets/corpus/golden-pyridine-nucleophile-cross-coupling,datasets/corpus/golden-pyridine-nucleophile-cross-coupling/metadata.json,datasets/corpus/golden-pyridine-nucleophile-cross-coupling/source-links.json
corpus,hte-suzuki-coupling,HTE Suzuki Coupling,高通量 Suzuki 偶联,physical_eeba974d3c284aed86d1c1d442260a1e,"[""ord_dataset-eeba974d3c284aed86d1c1d442260a1e""]","[""data/ee/ord_dataset-eeba974d3c284aed86d1c1d442260a1e.parquet""]",,,,complete_corpus_pending_release_validation,staged,CC-BY-SA-4.0,376,90724a104a5cfa3aead59bfc16c6a412e38284898c8966af52c1c53113758daa,datasets/corpus/hte-suzuki-coupling,datasets/corpus/hte-suzuki-coupling/metadata.json,datasets/corpus/hte-suzuki-coupling/source-links.json
corpus,imidazopyridine-three-component-synthesis,Imidazopyridine Three-Component Synthesis,咪唑并吡啶三组分合成,physical_10b940e7982c4622b1e1ac879394aba6,"[""ord_dataset-10b940e7982c4622b1e1ac879394aba6""]","[""data/10/ord_dataset-10b940e7982c4622b1e1ac879394aba6.parquet""]",,,,complete_corpus_pending_release_validation,staged,CC-BY-SA-4.0,384,09b41f96ca705d1b7f19169c8b3bcfd383e9b9109f7ad7974617077b61e01589,datasets/corpus/imidazopyridine-three-component-synthesis,datasets/corpus/imidazopyridine-three-component-synthesis/metadata.json,datasets/corpus/imidazopyridine-three-component-synthesis/source-links.json
corpus,islatravir-biocatalytic-cascade,Islatravir Biocatalytic Cascade,Islatravir 生物催化级联,physical_6a0bfcdf53a64c07987822162ae591e2,"[""ord_dataset-6a0bfcdf53a64c07987822162ae591e2""]","[""data/6a/ord_dataset-6a0bfcdf53a64c07987822162ae591e2.parquet""]",,,,complete_corpus_pending_release_validation,staged,CC-BY-SA-4.0,3,30073366994acdc921b9d4d84c02ea17dd741e167e834e75162be3f4840027fe,datasets/corpus/islatravir-biocatalytic-cascade,datasets/corpus/islatravir-biocatalytic-cascade/metadata.json,datasets/corpus/islatravir-biocatalytic-cascade/source-links.json
corpus,microwave-biginelli-condensation,Microwave Biginelli Condensation,微波辅助 Biginelli 缩合,physical_55de08a995554f558c25fc43eac62359,"[""ord_dataset-55de08a995554f558c25fc43eac62359""]","[""data/55/ord_dataset-55de08a995554f558c25fc43eac62359.parquet""]",,,,complete_corpus_pending_release_validation,staged,CC-BY-SA-4.0,48,7d96aa6dc6f923652648458fddaa3cbb6277502948c0c316deffb2585e373f87,datasets/corpus/microwave-biginelli-condensation,datasets/corpus/microwave-biginelli-condensation/metadata.json,datasets/corpus/microwave-biginelli-condensation/source-links.json
corpus,nano-c-n-photochemistry-informer,Nano C-N Photochemistry Informer,纳米 C-N 光化学信息员库,physical_ac78456835404910b3a4c840248b6ac9,"[""ord_dataset-ac78456835404910b3a4c840248b6ac9""]","[""data/ac/ord_dataset-ac78456835404910b3a4c840248b6ac9.parquet""]",,,,complete_corpus_pending_release_validation,staged,CC-BY-SA-4.0,1728,1aa201d80f3f50dc9f40c2d0c5445524d86a69f05f481116bf2f2876f51336fe,datasets/corpus/nano-c-n-photochemistry-informer,datasets/corpus/nano-c-n-photochemistry-informer/metadata.json,datasets/corpus/nano-c-n-photochemistry-informer/source-links.json
corpus,newman-1-octene-mizoroki-heck,Newman 1-Octene Mizoroki-Heck,Newman 1-辛烯 Mizoroki-Heck 偶联,physical_1d3a1a6fb70d46c084602d0688967afc,"[""ord_dataset-1d3a1a6fb70d46c084602d0688967afc""]","[""data/1d/ord_dataset-1d3a1a6fb70d46c084602d0688967afc.parquet""]",,,,complete_corpus_pending_release_validation,staged,CC-BY-SA-4.0,96,383f2eb4a13165641c3a3c1510b0de4f94a527371f6539c7111f5b1b0cfbc42a,datasets/corpus/newman-1-octene-mizoroki-heck,datasets/corpus/newman-1-octene-mizoroki-heck/metadata.json,datasets/corpus/newman-1-octene-mizoroki-heck/source-links.json
corpus,newman-n-vinyl-pyrrolidone-mizoroki-heck,Newman N-Vinylpyrrolidone Mizoroki-Heck,Newman N-乙烯基吡咯烷酮 Mizoroki-Heck 偶联,physical_ce5045aceb214cfc8bfd0ef3031e2737,"[""ord_dataset-ce5045aceb214cfc8bfd0ef3031e2737""]","[""data/ce/ord_dataset-ce5045aceb214cfc8bfd0ef3031e2737.parquet""]",,,,complete_corpus_pending_release_validation,staged,CC-BY-SA-4.0,96,85aaf7e0e09a34e35fc29bb91214024d3a1dfd9990a39c09aecb402660a44fa2,datasets/corpus/newman-n-vinyl-pyrrolidone-mizoroki-heck,datasets/corpus/newman-n-vinyl-pyrrolidone-mizoroki-heck/metadata.json,datasets/corpus/newman-n-vinyl-pyrrolidone-mizoroki-heck/source-links.json
corpus,newman-styrene-mizoroki-heck,Newman Styrene Mizoroki-Heck,Newman 苯乙烯 Mizoroki-Heck 偶联,physical_0316886541d9435489859c2ad7edc863,"[""ord_dataset-0316886541d9435489859c2ad7edc863""]","[""data/03/ord_dataset-0316886541d9435489859c2ad7edc863.parquet""]",,,,complete_corpus_pending_release_validation,staged,CC-BY-SA-4.0,96,5cf6160fd51959331c10b51d9460b6c9af84ae423cee7d01021717cc286c5f7d,datasets/corpus/newman-styrene-mizoroki-heck,datasets/corpus/newman-styrene-mizoroki-heck/metadata.json,datasets/corpus/newman-styrene-mizoroki-heck/source-links.json
corpus,newman-vinyl-ether-mizoroki-heck,Newman Vinyl-Ether Mizoroki-Heck,Newman 乙烯醚 Mizoroki-Heck 偶联,physical_52bd3b0ec72c443aab113bcea09bf3f4,"[""ord_dataset-52bd3b0ec72c443aab113bcea09bf3f4""]","[""data/52/ord_dataset-52bd3b0ec72c443aab113bcea09bf3f4.parquet""]",,,,complete_corpus_pending_release_validation,staged,CC-BY-SA-4.0,96,d53c59749bd46d17245fb48e6ba89b7b9470556eedd7456d3ba98ae395e30cf9,datasets/corpus/newman-vinyl-ether-mizoroki-heck,datasets/corpus/newman-vinyl-ether-mizoroki-heck/metadata.json,datasets/corpus/newman-vinyl-ether-mizoroki-heck/source-links.json
corpus,nickel-suzuki-miyaura-cross-coupling,Nickel Suzuki-Miyaura Cross-Coupling,镍催化 Suzuki-Miyaura 交叉偶联,physical_3b5db90e337942ea886b8f5bc5e3aa72,"[""ord_dataset-3b5db90e337942ea886b8f5bc5e3aa72""]","[""data/3b/ord_dataset-3b5db90e337942ea886b8f5bc5e3aa72.parquet""]",,,,complete_corpus_pending_release_validation,staged,CC-BY-SA-4.0,450,2056bbc46e004d294e7bc9b9c317302a6df3b9e843f2b9718c77f3e2ead00b58,datasets/corpus/nickel-suzuki-miyaura-cross-coupling,datasets/corpus/nickel-suzuki-miyaura-cross-coupling/metadata.json,datasets/corpus/nickel-suzuki-miyaura-cross-coupling/source-links.json
corpus,nicolit-nickel-cross-couplings,NiCOlit Nickel Cross-Couplings,NiCOlit 镍催化交叉偶联,physical_9b8aa9a7835143ef8ce3f70abfab7545,"[""ord_dataset-9b8aa9a7835143ef8ce3f70abfab7545""]","[""data/9b/ord_dataset-9b8aa9a7835143ef8ce3f70abfab7545.parquet""]",,,,complete_corpus_pending_release_validation,staged,CC-BY-SA-4.0,1762,e3915c5fb7ca26931e6c64d88fb649980939b99d3ee0bfd2cbac927c3a40569c,datasets/corpus/nicolit-nickel-cross-couplings,datasets/corpus/nicolit-nickel-cross-couplings/metadata.json,datasets/corpus/nicolit-nickel-cross-couplings/source-links.json
corpus,pfizer-hte-reaction-conditions,Pfizer HTE Reaction Conditions,辉瑞高通量反应条件,physical_d92976309c3a48a3a64a4cf5e7048086,"[""ord_dataset-d92976309c3a48a3a64a4cf5e7048086""]","[""data/d9/ord_dataset-d92976309c3a48a3a64a4cf5e7048086.parquet""]",,,,complete_corpus_pending_release_validation,staged,CC-BY-SA-4.0,39347,f25da3289cc17f21e0da69bf557b40d36f519190b554f97212c8b6def1e9b754,datasets/corpus/pfizer-hte-reaction-conditions,datasets/corpus/pfizer-hte-reaction-conditions/metadata.json,datasets/corpus/pfizer-hte-reaction-conditions/source-links.json
corpus,photocatalytic-aryl-bromide-dehalogenation,Photocatalytic Aryl-Bromide Dehalogenation,光催化芳基溴脱卤,physical_b440f8c90b6343189093770060fc4098,"[""ord_dataset-b440f8c90b6343189093770060fc4098""]","[""data/b4/ord_dataset-b440f8c90b6343189093770060fc4098.parquet""]",,,,complete_corpus_pending_release_validation,staged,CC-BY-SA-4.0,1152,d269f6f99d570067a9ae25c4d97d6486660f06dcf14afc65468c31a6b78ebc76,datasets/corpus/photocatalytic-aryl-bromide-dehalogenation,datasets/corpus/photocatalytic-aryl-bromide-dehalogenation/metadata.json,datasets/corpus/photocatalytic-aryl-bromide-dehalogenation/source-links.json
corpus,pyparser-oxazole-c-h-activation,PyParser Oxazole C-H Activation,PyParser 噁唑 C-H 活化,physical_5415f83da68e4797856ddd330dda5c61,"[""ord_dataset-5415f83da68e4797856ddd330dda5c61""]","[""data/54/ord_dataset-5415f83da68e4797856ddd330dda5c61.parquet""]",,,,complete_corpus_pending_release_validation,staged,CC-BY-SA-4.0,48,b57b3d9affe356285900de7c3341b5b0675cbe3f5851a8c3f1b2f0e7433971e2,datasets/corpus/pyparser-oxazole-c-h-activation,datasets/corpus/pyparser-oxazole-c-h-activation/metadata.json,datasets/corpus/pyparser-oxazole-c-h-activation/source-links.json
corpus,reizman-suzuki-miyaura-feedback-optimization,Reizman Suzuki-Miyaura Feedback Optimization,Reizman Suzuki-Miyaura 反馈优化,lit_10_1039_c6re00153j,"[""ord_dataset-2038a3c967db4a32a8fbce288437e929"", ""ord_dataset-2be30f5d8dcd471aa6ad410bdee05902"", ""ord_dataset-31989f1b2b9d4885b1dd2d9982da4517"", ""ord_dataset-bc349c19b4384756a2aee8aa525b6c2a""]","[""data/20/ord_dataset-2038a3c967db4a32a8fbce288437e929.parquet"", ""data/2b/ord_dataset-2be30f5d8dcd471aa6ad410bdee05902.parquet"", ""data/31/ord_dataset-31989f1b2b9d4885b1dd2d9982da4517.parquet"", ""data/bc/ord_dataset-bc349c19b4384756a2aee8aa525b6c2a.parquet""]",,,,complete_corpus_pending_release_validation,staged,CC-BY-SA-4.0,385,e8e402ed49074bbbd0eee98a534edf00dc1090b95e0afe4b88675cf66fb1ca89,datasets/corpus/reizman-suzuki-miyaura-feedback-optimization,datasets/corpus/reizman-suzuki-miyaura-feedback-optimization/metadata.json,datasets/corpus/reizman-suzuki-miyaura-feedback-optimization/source-links.json
corpus,rexgen-direct-reaction-smiles,Rexgen Direct Reaction SMILES,Rexgen Direct 反应 SMILES,upstream_rexgen_direct_c8sc04228d,"[""ord_dataset-488402f6ec0d441ca2f7d6fabea7c220"", ""ord_dataset-5481550056a14935b76e031fb94b88be"", ""ord_dataset-e7830cd6b11158b43994ccfb5ee9acb3""]","[""data/48/ord_dataset-488402f6ec0d441ca2f7d6fabea7c220.parquet"", ""data/54/ord_dataset-5481550056a14935b76e031fb94b88be.parquet"", ""data/e7/ord_dataset-e7830cd6b11158b43994ccfb5ee9acb3.parquet""]",,,,complete_corpus_pending_release_validation,staged,CC-BY-SA-4.0,479035,f9bcff02cf8333ce07996d85a233e6ebdedb1d1dab66992036dfb1ed8dc92fc2,datasets/corpus/rexgen-direct-reaction-smiles,datasets/corpus/rexgen-direct-reaction-smiles/metadata.json,datasets/corpus/rexgen-direct-reaction-smiles/source-links.json
corpus,roche-borylation-surf,Roche Borylation SURF,罗氏硼化 SURF 数据集,physical_99c23cf435dc42f1af884053bc8b11c7,"[""ord_dataset-99c23cf435dc42f1af884053bc8b11c7""]","[""data/99/ord_dataset-99c23cf435dc42f1af884053bc8b11c7.parquet""]",,,,complete_corpus_pending_release_validation,staged,CC-BY-SA-4.0,1111,a81c55ed41e0adad92340746746df7e3c6637dd4bc81cb9dc35c2c6df0d714dc,datasets/corpus/roche-borylation-surf,datasets/corpus/roche-borylation-surf/metadata.json,datasets/corpus/roche-borylation-surf/source-links.json
corpus,roche-minisci-surf,Roche Minisci SURF,罗氏 Minisci SURF 数据集,physical_feaf1b793c6d408aaec1cac7cc3ceadc,"[""ord_dataset-feaf1b793c6d408aaec1cac7cc3ceadc""]","[""data/fe/ord_dataset-feaf1b793c6d408aaec1cac7cc3ceadc.parquet""]",,,,complete_corpus_pending_release_validation,staged,CC-BY-SA-4.0,130,009f0293f868adb738c3dc31663591d997d8f70b938d393d22c21f736395c8fb,datasets/corpus/roche-minisci-surf,datasets/corpus/roche-minisci-surf/metadata.json,datasets/corpus/roche-minisci-surf/source-links.json
corpus,science-hte-palladium-cross-coupling,Science HTE Palladium Cross-Coupling,Science 高通量钯催化交叉偶联,lit_10_1126_science_1259203,"[""ord_dataset-7d8f5fd922d4497d91cb81489b052746"", ""ord_dataset-cbcc4048add7468e850b6ec42549c70d""]","[""data/7d/ord_dataset-7d8f5fd922d4497d91cb81489b052746.parquet"", ""data/cb/ord_dataset-cbcc4048add7468e850b6ec42549c70d.parquet""]",,,,complete_corpus_pending_release_validation,staged,CC-BY-SA-4.0,1824,6710778c355d7d649a5a5902ff0011ad35fd67c6802db298892d12b326ec8ef4,datasets/corpus/science-hte-palladium-cross-coupling,datasets/corpus/science-hte-palladium-cross-coupling/metadata.json,datasets/corpus/science-hte-palladium-cross-coupling/source-links.json
corpus,shields-bayesian-arylation,Shields Bayesian Arylation Optimization,Shields 贝叶斯芳基化优化,lit_10_1038_s41586_021_03213_y,"[""ord_dataset-0c75d67751634f0594b24b9f498b77c2"", ""ord_dataset-d26118acda314269becc35db5c22dc59""]","[""data/0c/ord_dataset-0c75d67751634f0594b24b9f498b77c2.parquet"", ""data/d2/ord_dataset-d26118acda314269becc35db5c22dc59.parquet""]",,,,complete_corpus_pending_release_validation,staged,CC-BY-SA-4.0,1984,fda075ca3e3a7c2ccd662a9696f63d18ee4720662b381b98adbefe0388dbacda,datasets/corpus/shields-bayesian-arylation,datasets/corpus/shields-bayesian-arylation/metadata.json,datasets/corpus/shields-bayesian-arylation/source-links.json
corpus,sp3-carboxyl-aryl-halide-coupling,sp3-Carboxyl Aryl-Halide Coupling,sp3 羧基碳-芳基卤化物偶联,physical_89b083710e2d441aa0040c361d63359f,"[""ord_dataset-89b083710e2d441aa0040c361d63359f""]","[""data/89/ord_dataset-89b083710e2d441aa0040c361d63359f.parquet""]",,,,complete_corpus_pending_release_validation,staged,CC-BY-SA-4.0,24,74af905ebcfe1126d4aa6851185f81c6e5b1d6d4da7c2ea9766a1b469db2171f,datasets/corpus/sp3-carboxyl-aryl-halide-coupling,datasets/corpus/sp3-carboxyl-aryl-halide-coupling/metadata.json,datasets/corpus/sp3-carboxyl-aryl-halide-coupling/source-links.json
corpus,sulfonamide-flow-synthesis-library,Sulfonamide Flow-Synthesis Library,磺酰胺连续流合成库,physical_5eb7f2689f4a42eba63ad9e37e49a5cd,"[""ord_dataset-5eb7f2689f4a42eba63ad9e37e49a5cd""]","[""data/5e/ord_dataset-5eb7f2689f4a42eba63ad9e37e49a5cd.parquet""]",,,,complete_corpus_pending_release_validation,staged,CC-BY-SA-4.0,39,e12193ff91def94b07e32eb1bf7d0c52cb213e8b34397f73c46b8dfc47528694,datasets/corpus/sulfonamide-flow-synthesis-library,datasets/corpus/sulfonamide-flow-synthesis-library/metadata.json,datasets/corpus/sulfonamide-flow-synthesis-library/source-links.json
corpus,suzuki-miyaura-nanoscale-screen,Suzuki-Miyaura Nanoscale Screen,Suzuki-Miyaura 纳米尺度筛选,physical_68cb8b4b2b384e3d85b5b1efae58b203,"[""ord_dataset-68cb8b4b2b384e3d85b5b1efae58b203""]","[""data/68/ord_dataset-68cb8b4b2b384e3d85b5b1efae58b203.parquet""]",,,,complete_corpus_pending_release_validation,staged,CC-BY-SA-4.0,5760,00ea04f4c541daf35073dad22e26de8d94befc3841ba8a6fd174adfa4948a714,datasets/corpus/suzuki-miyaura-nanoscale-screen,datasets/corpus/suzuki-miyaura-nanoscale-screen/metadata.json,datasets/corpus/suzuki-miyaura-nanoscale-screen/source-links.json
corpus,uspto-grants-reactions,USPTO Granted-Patent Reactions,USPTO 授权专利反应,physical_1158e351757f315b93cbcbe7bc55f38e,"[""ord_dataset-1158e351757f315b93cbcbe7bc55f38e""]","[""data/11/ord_dataset-1158e351757f315b93cbcbe7bc55f38e.parquet""]",,,,complete_corpus_pending_release_validation,staged,CC-BY-SA-4.0,1771032,e0b96db7d9db81aa27ea312884b23ddfe2e7c7e3a986a2109e6da5b7c16b0c72,datasets/corpus/uspto-grants-reactions,datasets/corpus/uspto-grants-reactions/metadata.json,datasets/corpus/uspto-grants-reactions/source-links.json
model-ready,ahneman-c-n-cross-coupling-yield-percent,Ahneman C-N Cross-Coupling Yield (%),Ahneman C-N 交叉偶联产率（%）,physical_46ff9a32d9e04016b9380b1b1ef949c3,"[""ord_dataset-46ff9a32d9e04016b9380b1b1ef949c3""]","[""data/46/ord_dataset-46ff9a32d9e04016b9380b1b1ef949c3.parquet""]",ahneman_yield_percent,reaction_yield_percent,percent yield as defined by the source measurement,active_generated_pending_release_validation,staged,CC-BY-SA-4.0,4312,6a912585bb987ab698e2502585e1927403c372e10d8e3bcf8ce26f93c4021acf,datasets/model-ready/ahneman-c-n-cross-coupling-yield-percent,datasets/model-ready/ahneman-c-n-cross-coupling-yield-percent/metadata.json,datasets/model-ready/ahneman-c-n-cross-coupling-yield-percent/source-links.json
model-ready,asymmetric-alkylation-ee-s-minus-r-percent,"Asymmetric Alkylation ee (S-R, %)",不对称烷基化 ee（S-R，%）,physical_c5b00523487a4211a194160edf45e9ab,"[""ord_dataset-c5b00523487a4211a194160edf45e9ab""]","[""data/c5/ord_dataset-c5b00523487a4211a194160edf45e9ab.parquet""]",asymmetric_alkylation_ee_s_minus_r_percent,signed_enantiomeric_excess_s_minus_r_percent,"percentage points, S minus R",generated_adapter_blocked,staged,CC-BY-SA-4.0,1430,a589fdfe1f90e655bd9193983aa92264e0b86bfdb017c04836b5b933edc429c7,datasets/model-ready/asymmetric-alkylation-ee-s-minus-r-percent,datasets/model-ready/asymmetric-alkylation-ee-s-minus-r-percent/metadata.json,datasets/model-ready/asymmetric-alkylation-ee-s-minus-r-percent/source-links.json
model-ready,cernak-reductive-amination-conversion-percent,Cernak Reductive-Amination Conversion (%),Cernak 还原胺化转化率（%）,lit_10_1038_s44160_023_00351_1,"[""ord_dataset-2be11f57f3304e678ea8469baf6dd1bc""]","[""data/2b/ord_dataset-2be11f57f3304e678ea8469baf6dd1bc.parquet""]",cernak_member_2be11_conversion_percent,conversion_percent,percent conversion,generated_pending_campaign_evaluation,staged,CC-BY-SA-4.0,1152,0d25125e1cf707c839b93106b8131f8a836938b8d416e37698610f5bf8ee965e,datasets/model-ready/cernak-reductive-amination-conversion-percent,datasets/model-ready/cernak-reductive-amination-conversion-percent/metadata.json,datasets/model-ready/cernak-reductive-amination-conversion-percent/source-links.json
model-ready,cernak-suzuki-coupling-conversion-percent,Cernak Suzuki-Coupling Conversion (%),Cernak Suzuki 偶联转化率（%）,lit_10_1038_s44160_023_00351_1,"[""ord_dataset-3b8a2ef300e145468579027f206a3ac8""]","[""data/3b/ord_dataset-3b8a2ef300e145468579027f206a3ac8.parquet""]",cernak_member_3b8a2e_conversion_percent,conversion_percent,percent conversion,generated_pending_campaign_evaluation,staged,CC-BY-SA-4.0,1320,df6c85864b54120438f2fa0163bb5da00d7cc80ca1082499640b4b1bcae96ca9,datasets/model-ready/cernak-suzuki-coupling-conversion-percent,datasets/model-ready/cernak-suzuki-coupling-conversion-percent/metadata.json,datasets/model-ready/cernak-suzuki-coupling-conversion-percent/source-links.json
model-ready,cernak-ultra-hte-c-n-yield-percent,Cernak Ultra-HTE C-N Yield (%),Cernak 超高通量 C-N 产率（%）,physical_805ad863feef48579d95d86a728035f4,"[""ord_dataset-805ad863feef48579d95d86a728035f4""]","[""data/80/ord_dataset-805ad863feef48579d95d86a728035f4.parquet""]",c_n_yield_percent,reaction_yield_percent,percent yield as defined by the source measurement,generated_pending_campaign_evaluation,staged,CC-BY-SA-4.0,50668,ba845e82bb3701469aadf172a7457c64354b1e7d6f8e2ab1aad2b96c2445a012,datasets/model-ready/cernak-ultra-hte-c-n-yield-percent,datasets/model-ready/cernak-ultra-hte-c-n-yield-percent/metadata.json,datasets/model-ready/cernak-ultra-hte-c-n-yield-percent/source-links.json
model-ready,chan-lam-sulfonamide-coupling-yield-percent,Chan-Lam Sulfonamide-Coupling Yield (%),Chan-Lam 磺酰胺偶联产率（%）,physical_5c9a10329a8a48968d18879a48bb8ab2,"[""ord_dataset-5c9a10329a8a48968d18879a48bb8ab2""]","[""data/5c/ord_dataset-5c9a10329a8a48968d18879a48bb8ab2.parquet""]",chan_lam_yield_percent,reaction_yield_percent,percent yield as defined by the source measurement,generated_pending_campaign_evaluation,staged,CC-BY-SA-4.0,9602,648de1e73169feca1cc221f1f53858c11918f91c4f959e206f1a8a66ff4b482b,datasets/model-ready/chan-lam-sulfonamide-coupling-yield-percent,datasets/model-ready/chan-lam-sulfonamide-coupling-yield-percent/metadata.json,datasets/model-ready/chan-lam-sulfonamide-coupling-yield-percent/source-links.json
model-ready,chemrxiv-aniline-amidation-yield-percent,ChemRxiv Aniline-Amidation Yield (%),ChemRxiv 苯胺酰胺化产率（%）,upstream_chemrxiv_64c7e2e1658ec5f7e5808425,"[""ord_dataset-7acd6ad2bf4d4cff841cad008ab726d5""]","[""data/7a/ord_dataset-7acd6ad2bf4d4cff841cad008ab726d5.parquet""]",chemrxiv_amide_yield_percent,reaction_yield_percent,percent yield as defined by the source measurement,active_generated_pending_release_validation,staged,CC-BY-SA-4.0,957,90c762cff7defe31e7e45d35406df595d094186a0b35b05b0f799cfe66411f72,datasets/model-ready/chemrxiv-aniline-amidation-yield-percent,datasets/model-ready/chemrxiv-aniline-amidation-yield-percent/metadata.json,datasets/model-ready/chemrxiv-aniline-amidation-yield-percent/source-links.json
model-ready,chemrxiv-imidazole-c-h-arylation-yield-percent,ChemRxiv Imidazole C-H Arylation Yield (%),ChemRxiv 咪唑 C-H 芳基化产率（%）,upstream_chemrxiv_64c7e2e1658ec5f7e5808425,"[""ord_dataset-675eddcaa6674ce3ae61e79bbc1e1c08""]","[""data/67/ord_dataset-675eddcaa6674ce3ae61e79bbc1e1c08.parquet""]",chemrxiv_ch_arylation_yield_percent,reaction_yield_percent,percent yield as defined by the source measurement,active_generated_pending_release_validation,staged,CC-BY-SA-4.0,1529,3d11901429869a5875d98ec4feec8239efbfa121c59d750a9bf8c04612906f7d,datasets/model-ready/chemrxiv-imidazole-c-h-arylation-yield-percent,datasets/model-ready/chemrxiv-imidazole-c-h-arylation-yield-percent/metadata.json,datasets/model-ready/chemrxiv-imidazole-c-h-arylation-yield-percent/source-links.json
model-ready,flow-catechol-product-2-response-percent,Flow Catechol Product 2 HPLC Response (%),连续流儿茶酚产物 2 HPLC 响应（%）,physical_1ec2807f02fa4beda27d2a81b86eb843,"[""ord_dataset-1ec2807f02fa4beda27d2a81b86eb843""]","[""data/1e/ord_dataset-1ec2807f02fa4beda27d2a81b86eb843.parquet""]",catechol_product_2_yield_percent,hplc_response_percent,HPLC percentage response; not isolated yield,research_only_benchmark_blocked,staged,CC-BY-SA-4.0,1227,d1a09d05fb70c93c221438761893f5f71f6390f94c49bef3973a42bcd9308c84,datasets/model-ready/flow-catechol-product-2-response-percent,datasets/model-ready/flow-catechol-product-2-response-percent/metadata.json,datasets/model-ready/flow-catechol-product-2-response-percent/source-links.json
model-ready,flow-catechol-product-3-response-percent,Flow Catechol Product 3 HPLC Response (%),连续流儿茶酚产物 3 HPLC 响应（%）,physical_1ec2807f02fa4beda27d2a81b86eb843,"[""ord_dataset-1ec2807f02fa4beda27d2a81b86eb843""]","[""data/1e/ord_dataset-1ec2807f02fa4beda27d2a81b86eb843.parquet""]",catechol_product_3_yield_percent,hplc_response_percent,HPLC percentage response; not isolated yield,research_only_benchmark_blocked,staged,CC-BY-SA-4.0,1227,5cc90e232268be1fc5e15330039927b90a13a4444df2347987d312612ea771d2,datasets/model-ready/flow-catechol-product-3-response-percent,datasets/model-ready/flow-catechol-product-3-response-percent/metadata.json,datasets/model-ready/flow-catechol-product-3-response-percent/source-links.json
model-ready,flow-catechol-total-product-response-percent,Flow Catechol Total-Product HPLC Response (%),连续流儿茶酚总产物 HPLC 响应（%）,physical_1ec2807f02fa4beda27d2a81b86eb843,"[""ord_dataset-1ec2807f02fa4beda27d2a81b86eb843""]","[""data/1e/ord_dataset-1ec2807f02fa4beda27d2a81b86eb843.parquet""]",catechol_total_product_yield_percent,hplc_response_percent,HPLC percentage response; not isolated yield,research_only_benchmark_blocked,staged,CC-BY-SA-4.0,1227,9067b4cdce62de221a83ff15b095aadd6e110c4d143458917c7d6362bdbde397,datasets/model-ready/flow-catechol-total-product-response-percent,datasets/model-ready/flow-catechol-total-product-response-percent/metadata.json,datasets/model-ready/flow-catechol-total-product-response-percent/source-links.json
model-ready,nano-c-n-photochemistry-yield-percent,Nano C-N Photochemistry Yield (%),纳米 C-N 光化学产率（%）,physical_ac78456835404910b3a4c840248b6ac9,"[""ord_dataset-ac78456835404910b3a4c840248b6ac9""]","[""data/ac/ord_dataset-ac78456835404910b3a4c840248b6ac9.parquet""]",nano_yield_percent,reaction_yield_percent,percent yield as defined by the source measurement,active_generated_pending_release_validation,staged,CC-BY-SA-4.0,1728,21b8072d3587bc8b1290124dafa6fdcdceee501980b6e6a3769aee6ead804d6d,datasets/model-ready/nano-c-n-photochemistry-yield-percent,datasets/model-ready/nano-c-n-photochemistry-yield-percent/metadata.json,datasets/model-ready/nano-c-n-photochemistry-yield-percent/source-links.json
model-ready,nicolit-nickel-coupling-yield-percent,NiCOlit Nickel-Coupling Yield (%),NiCOlit 镍催化偶联产率（%）,physical_9b8aa9a7835143ef8ce3f70abfab7545,"[""ord_dataset-9b8aa9a7835143ef8ce3f70abfab7545""]","[""data/9b/ord_dataset-9b8aa9a7835143ef8ce3f70abfab7545.parquet""]",nicolit_yield_percent,reaction_yield_percent,percent yield as defined by the source measurement,generated_with_source_caveat,staged,CC-BY-SA-4.0,1669,51f705bdfc42ff0432cdb6288cda3ee9cbd6e2294c216fff13e5015e94b3deda,datasets/model-ready/nicolit-nickel-coupling-yield-percent,datasets/model-ready/nicolit-nickel-coupling-yield-percent/metadata.json,datasets/model-ready/nicolit-nickel-coupling-yield-percent/source-links.json
model-ready,pfizer-hte-lc-area-percent,Pfizer HTE LC Area (%),辉瑞高通量 LC 面积（%）,physical_d92976309c3a48a3a64a4cf5e7048086,"[""ord_dataset-d92976309c3a48a3a64a4cf5e7048086""]","[""data/d9/ord_dataset-d92976309c3a48a3a64a4cf5e7048086.parquet""]",pfizer_lcms_area_percent,lc_uv_area_percent,LC/UV area percent; not isolated yield or conversion,generated_pending_campaign_evaluation,staged,CC-BY-SA-4.0,39347,acc5860363baddd0fc24e87bb66e37d550b4cb8e1accf301f5f2aadb6d25758d,datasets/model-ready/pfizer-hte-lc-area-percent,datasets/model-ready/pfizer-hte-lc-area-percent/metadata.json,datasets/model-ready/pfizer-hte-lc-area-percent/source-links.json
model-ready,photocatalytic-aryl-bromide-dehalogenation-conversion-percent,Photocatalytic Aryl-Bromide Dehalogenation Conversion (%),光催化芳基溴脱卤转化率（%）,physical_b440f8c90b6343189093770060fc4098,"[""ord_dataset-b440f8c90b6343189093770060fc4098""]","[""data/b4/ord_dataset-b440f8c90b6343189093770060fc4098.parquet""]",photodehalogenation_conversion_percent,conversion_percent,percent conversion,active_generated_pending_release_validation,staged,CC-BY-SA-4.0,1152,427e149d84943bb82adcf3066be751edd2418696bb8b972177e510663a1a2ef3,datasets/model-ready/photocatalytic-aryl-bromide-dehalogenation-conversion-percent,datasets/model-ready/photocatalytic-aryl-bromide-dehalogenation-conversion-percent/metadata.json,datasets/model-ready/photocatalytic-aryl-bromide-dehalogenation-conversion-percent/source-links.json
model-ready,roche-borylation-yield-percent,Roche Borylation Yield (%),罗氏硼化产率（%）,physical_99c23cf435dc42f1af884053bc8b11c7,"[""ord_dataset-99c23cf435dc42f1af884053bc8b11c7""]","[""data/99/ord_dataset-99c23cf435dc42f1af884053bc8b11c7.parquet""]",roche_borylation_yield_percent,reaction_yield_percent,percent yield as defined by the source measurement,generated_pending_campaign_evaluation,staged,CC-BY-SA-4.0,890,35b3444917708e5a19956e5f871fd9b83958ad3b2484874b0ba85d21f381e5e8,datasets/model-ready/roche-borylation-yield-percent,datasets/model-ready/roche-borylation-yield-percent/metadata.json,datasets/model-ready/roche-borylation-yield-percent/source-links.json
model-ready,science-hte-relative-lc-area-ratio,Science HTE Relative LC Area Ratio,Science 高通量相对 LC 面积比,lit_10_1126_science_1259203,"[""ord_dataset-7d8f5fd922d4497d91cb81489b052746""]","[""data/7d/ord_dataset-7d8f5fd922d4497d91cb81489b052746.parquet""]",science_hte_diverse_nucleophile_relative_lc_area_ratio,relative_lc_area_ratio,dimensionless ratio (product LC area / internal-standard LC area),partial_scope_generated,staged,CC-BY-SA-4.0,1531,2d1bfd835869c7263d37d035131981fb4042f9c93671640ea983deb5f417e163,datasets/model-ready/science-hte-relative-lc-area-ratio,datasets/model-ready/science-hte-relative-lc-area-ratio/metadata.json,datasets/model-ready/science-hte-relative-lc-area-ratio/source-links.json
model-ready,shields-arylation-yield-percent,Shields Arylation Yield (%),Shields 芳基化产率（%）,lit_10_1038_s41586_021_03213_y,"[""ord_dataset-0c75d67751634f0594b24b9f498b77c2"", ""ord_dataset-d26118acda314269becc35db5c22dc59""]","[""data/0c/ord_dataset-0c75d67751634f0594b24b9f498b77c2.parquet"", ""data/d2/ord_dataset-d26118acda314269becc35db5c22dc59.parquet""]",shields_yield_percent,reaction_yield_percent,percent yield as defined by the source measurement,active_generated_pending_release_validation,staged,CC-BY-SA-4.0,1984,35e1698ae9f8e57ea96ca351008f78770c7cba8343db0c68ac2bd44e1362e61d,datasets/model-ready/shields-arylation-yield-percent,datasets/model-ready/shields-arylation-yield-percent/metadata.json,datasets/model-ready/shields-arylation-yield-percent/source-links.json
model-ready,suzuki-miyaura-nanoscale-yield-percent,Suzuki-Miyaura Nanoscale Yield (%),Suzuki-Miyaura 纳米尺度产率（%）,physical_68cb8b4b2b384e3d85b5b1efae58b203,"[""ord_dataset-68cb8b4b2b384e3d85b5b1efae58b203""]","[""data/68/ord_dataset-68cb8b4b2b384e3d85b5b1efae58b203.parquet""]",suzuki_yield_percent,reaction_yield_percent,percent yield as defined by the source measurement,active_generated_pending_release_validation,staged,CC-BY-SA-4.0,5760,75466f69ef7bcc53a3be76914166b91dd091c57471b62a4d69f5754f030c9f97,datasets/model-ready/suzuki-miyaura-nanoscale-yield-percent,datasets/model-ready/suzuki-miyaura-nanoscale-yield-percent/metadata.json,datasets/model-ready/suzuki-miyaura-nanoscale-yield-percent/source-links.json
