archive_stage,target_slug,artifact_role,staging_path,archive_path,size_bytes,sha256,payload_retention,disposition,license_id,reason
06-target-adaptation,ahneman-c-n-cross-coupling-yield-percent,audit.jsonl,.staging/ord-datasets-v0/step-13/datasets/model-ready/ahneman-c-n-cross-coupling-yield-percent/audit.jsonl,intermediate/06-target-adaptation/payload/ahneman-c-n-cross-coupling-yield-percent/audit.jsonl,3922370,51a45a5858b8b5ea0f068388fd2d7af3ace39f76f685e0f10054e368dfb87215,staging-content-addressed-reference,intermediate,CC-BY-SA-4.0,Exact sanitized step-13 target artifact retained by hash reference; payload is not copied into regular Git.
06-target-adaptation,ahneman-c-n-cross-coupling-yield-percent,exclusions.csv,.staging/ord-datasets-v0/step-13/datasets/model-ready/ahneman-c-n-cross-coupling-yield-percent/exclusions.csv,intermediate/06-target-adaptation/payload/ahneman-c-n-cross-coupling-yield-percent/exclusions.csv,85,4db87054e05506fd5de5d774c6c8838094902ffa774d224d92780299eeee63a7,staging-content-addressed-reference,intermediate,CC-BY-SA-4.0,Exact sanitized step-13 target artifact retained by hash reference; payload is not copied into regular Git.
06-target-adaptation,ahneman-c-n-cross-coupling-yield-percent,metadata.json,.staging/ord-datasets-v0/step-13/datasets/model-ready/ahneman-c-n-cross-coupling-yield-percent/metadata.json,intermediate/06-target-adaptation/payload/ahneman-c-n-cross-coupling-yield-percent/metadata.json,3019,abdbf9a2550426144cdb3841721e9e6682e08ba1b40ffc0e798232420f72d794,staging-content-addressed-reference,intermediate,CC-BY-SA-4.0,Exact sanitized step-13 target artifact retained by hash reference; payload is not copied into regular Git.
06-target-adaptation,ahneman-c-n-cross-coupling-yield-percent,row-map.csv,.staging/ord-datasets-v0/step-13/datasets/model-ready/ahneman-c-n-cross-coupling-yield-percent/row-map.csv,intermediate/06-target-adaptation/payload/ahneman-c-n-cross-coupling-yield-percent/row-map.csv,868893,a1cecd6b5d68702d2153c35c0d6c184f8a72f7b73b486bbc48cc1b07c15e9504,staging-content-addressed-reference,intermediate,CC-BY-SA-4.0,Exact sanitized step-13 target artifact retained by hash reference; payload is not copied into regular Git.
06-target-adaptation,ahneman-c-n-cross-coupling-yield-percent,source-links.json,.staging/ord-datasets-v0/step-13/datasets/model-ready/ahneman-c-n-cross-coupling-yield-percent/source-links.json,intermediate/06-target-adaptation/payload/ahneman-c-n-cross-coupling-yield-percent/source-links.json,934,5515acdb9b16a877afd0dbd3d9365904165a3cb1cf2e596f372fbb6755dd06e1,staging-content-addressed-reference,intermediate,CC-BY-SA-4.0,Exact sanitized step-13 target artifact retained by hash reference; payload is not copied into regular Git.
06-target-adaptation,ahneman-c-n-cross-coupling-yield-percent,target-build-provenance.json,.staging/ord-datasets-v0/step-13/datasets/model-ready/ahneman-c-n-cross-coupling-yield-percent/target-build-provenance.json,intermediate/06-target-adaptation/payload/ahneman-c-n-cross-coupling-yield-percent/target-build-provenance.json,973,8eee8b8684f76a5ff7fbbded3ea783523155f2bd7efa700fdad5e352eb2f87b2,staging-content-addressed-reference,intermediate,CC-BY-SA-4.0,Exact sanitized step-13 target artifact retained by hash reference; payload is not copied into regular Git.
06-target-adaptation,asymmetric-alkylation-ee-s-minus-r-percent,audit.jsonl,.staging/ord-datasets-v0/step-13/datasets/model-ready/asymmetric-alkylation-ee-s-minus-r-percent/audit.jsonl,intermediate/06-target-adaptation/payload/asymmetric-alkylation-ee-s-minus-r-percent/audit.jsonl,3936179,d035af84551d3fbf4e6049b3250cfca72fbd53ea6c672311f74006c9cd349cf5,staging-content-addressed-reference,intermediate,CC-BY-SA-4.0,Exact sanitized step-13 target artifact retained by hash reference; payload is not copied into regular Git.
06-target-adaptation,asymmetric-alkylation-ee-s-minus-r-percent,exclusions.csv,.staging/ord-datasets-v0/step-13/datasets/model-ready/asymmetric-alkylation-ee-s-minus-r-percent/exclusions.csv,intermediate/06-target-adaptation/payload/asymmetric-alkylation-ee-s-minus-r-percent/exclusions.csv,85,4db87054e05506fd5de5d774c6c8838094902ffa774d224d92780299eeee63a7,staging-content-addressed-reference,intermediate,CC-BY-SA-4.0,Exact sanitized step-13 target artifact retained by hash reference; payload is not copied into regular Git.
06-target-adaptation,asymmetric-alkylation-ee-s-minus-r-percent,metadata.json,.staging/ord-datasets-v0/step-13/datasets/model-ready/asymmetric-alkylation-ee-s-minus-r-percent/metadata.json,intermediate/06-target-adaptation/payload/asymmetric-alkylation-ee-s-minus-r-percent/metadata.json,3047,0274e6e2a9c7cbccc7c9699c6d5880c482740ab63857d14aac64b30d26c7fcc0,staging-content-addressed-reference,intermediate,CC-BY-SA-4.0,Exact sanitized step-13 target artifact retained by hash reference; payload is not copied into regular Git.
06-target-adaptation,asymmetric-alkylation-ee-s-minus-r-percent,row-map.csv,.staging/ord-datasets-v0/step-13/datasets/model-ready/asymmetric-alkylation-ee-s-minus-r-percent/row-map.csv,intermediate/06-target-adaptation/payload/asymmetric-alkylation-ee-s-minus-r-percent/row-map.csv,286729,a829c13773734275e8c368cf7a387334ad3e6e241ce45958eb7f6034155e87fb,staging-content-addressed-reference,intermediate,CC-BY-SA-4.0,Exact sanitized step-13 target artifact retained by hash reference; payload is not copied into regular Git.
06-target-adaptation,asymmetric-alkylation-ee-s-minus-r-percent,source-links.json,.staging/ord-datasets-v0/step-13/datasets/model-ready/asymmetric-alkylation-ee-s-minus-r-percent/source-links.json,intermediate/06-target-adaptation/payload/asymmetric-alkylation-ee-s-minus-r-percent/source-links.json,934,3a37a404915dfef6907a70ba432213ebc295d7fc2f69676c15a66437dd5e8ff9,staging-content-addressed-reference,intermediate,CC-BY-SA-4.0,Exact sanitized step-13 target artifact retained by hash reference; payload is not copied into regular Git.
06-target-adaptation,asymmetric-alkylation-ee-s-minus-r-percent,target-build-provenance.json,.staging/ord-datasets-v0/step-13/datasets/model-ready/asymmetric-alkylation-ee-s-minus-r-percent/target-build-provenance.json,intermediate/06-target-adaptation/payload/asymmetric-alkylation-ee-s-minus-r-percent/target-build-provenance.json,994,8206469281a29cafa565d6690b041ff5c85b3641bc3203976378363e51af761b,staging-content-addressed-reference,intermediate,CC-BY-SA-4.0,Exact sanitized step-13 target artifact retained by hash reference; payload is not copied into regular Git.
06-target-adaptation,cernak-reductive-amination-conversion-percent,audit.jsonl,.staging/ord-datasets-v0/step-13/datasets/model-ready/cernak-reductive-amination-conversion-percent/audit.jsonl,intermediate/06-target-adaptation/payload/cernak-reductive-amination-conversion-percent/audit.jsonl,1005156,3f51edd588cfd439ed80b161e8e1607b25cea68faf7769f4104d6495dfa2d4c9,staging-content-addressed-reference,intermediate,CC-BY-SA-4.0,Exact sanitized step-13 target artifact retained by hash reference; payload is not copied into regular Git.
06-target-adaptation,cernak-reductive-amination-conversion-percent,exclusions.csv,.staging/ord-datasets-v0/step-13/datasets/model-ready/cernak-reductive-amination-conversion-percent/exclusions.csv,intermediate/06-target-adaptation/payload/cernak-reductive-amination-conversion-percent/exclusions.csv,85,4db87054e05506fd5de5d774c6c8838094902ffa774d224d92780299eeee63a7,staging-content-addressed-reference,intermediate,CC-BY-SA-4.0,Exact sanitized step-13 target artifact retained by hash reference; payload is not copied into regular Git.
06-target-adaptation,cernak-reductive-amination-conversion-percent,metadata.json,.staging/ord-datasets-v0/step-13/datasets/model-ready/cernak-reductive-amination-conversion-percent/metadata.json,intermediate/06-target-adaptation/payload/cernak-reductive-amination-conversion-percent/metadata.json,3035,e74bf301c8e36db60c42bf753a05fe2502514e823a97063da48eb95bb08a6e21,staging-content-addressed-reference,intermediate,CC-BY-SA-4.0,Exact sanitized step-13 target artifact retained by hash reference; payload is not copied into regular Git.
06-target-adaptation,cernak-reductive-amination-conversion-percent,row-map.csv,.staging/ord-datasets-v0/step-13/datasets/model-ready/cernak-reductive-amination-conversion-percent/row-map.csv,intermediate/06-target-adaptation/payload/cernak-reductive-amination-conversion-percent/row-map.csv,230573,9201530efa7e16260d50fecf09f53908640de8f91d27bc66ea1f281feebb719e,staging-content-addressed-reference,intermediate,CC-BY-SA-4.0,Exact sanitized step-13 target artifact retained by hash reference; payload is not copied into regular Git.
06-target-adaptation,cernak-reductive-amination-conversion-percent,source-links.json,.staging/ord-datasets-v0/step-13/datasets/model-ready/cernak-reductive-amination-conversion-percent/source-links.json,intermediate/06-target-adaptation/payload/cernak-reductive-amination-conversion-percent/source-links.json,923,ecc33970cb821e886f284b90aaf5b23fca288a2406aaef323f9b699546eeed8f,staging-content-addressed-reference,intermediate,CC-BY-SA-4.0,Exact sanitized step-13 target artifact retained by hash reference; payload is not copied into regular Git.
06-target-adaptation,cernak-reductive-amination-conversion-percent,target-build-provenance.json,.staging/ord-datasets-v0/step-13/datasets/model-ready/cernak-reductive-amination-conversion-percent/target-build-provenance.json,intermediate/06-target-adaptation/payload/cernak-reductive-amination-conversion-percent/target-build-provenance.json,979,5ab6da8163eef828b361820c1fafaf1bb2ec31a5919f35d7c8d0f4e1534eae22,staging-content-addressed-reference,intermediate,CC-BY-SA-4.0,Exact sanitized step-13 target artifact retained by hash reference; payload is not copied into regular Git.
06-target-adaptation,cernak-suzuki-coupling-conversion-percent,audit.jsonl,.staging/ord-datasets-v0/step-13/datasets/model-ready/cernak-suzuki-coupling-conversion-percent/audit.jsonl,intermediate/06-target-adaptation/payload/cernak-suzuki-coupling-conversion-percent/audit.jsonl,1269152,33c223ede6e04718cb342d266fbbb594f95846e2015d35d7847713505204901a,staging-content-addressed-reference,intermediate,CC-BY-SA-4.0,Exact sanitized step-13 target artifact retained by hash reference; payload is not copied into regular Git.
06-target-adaptation,cernak-suzuki-coupling-conversion-percent,exclusions.csv,.staging/ord-datasets-v0/step-13/datasets/model-ready/cernak-suzuki-coupling-conversion-percent/exclusions.csv,intermediate/06-target-adaptation/payload/cernak-suzuki-coupling-conversion-percent/exclusions.csv,17959,5ae11eca84432d9f83fff0aa5599c132241312bb3f0ee6b3044ada48b6ee28ba,staging-content-addressed-reference,intermediate,CC-BY-SA-4.0,Exact sanitized step-13 target artifact retained by hash reference; payload is not copied into regular Git.
06-target-adaptation,cernak-suzuki-coupling-conversion-percent,metadata.json,.staging/ord-datasets-v0/step-13/datasets/model-ready/cernak-suzuki-coupling-conversion-percent/metadata.json,intermediate/06-target-adaptation/payload/cernak-suzuki-coupling-conversion-percent/metadata.json,3002,6c1555c298cb451bc760a6c102666c67d2f996b1faecd863f9d4c49c8a0378db,staging-content-addressed-reference,intermediate,CC-BY-SA-4.0,Exact sanitized step-13 target artifact retained by hash reference; payload is not copied into regular Git.
06-target-adaptation,cernak-suzuki-coupling-conversion-percent,row-map.csv,.staging/ord-datasets-v0/step-13/datasets/model-ready/cernak-suzuki-coupling-conversion-percent/row-map.csv,intermediate/06-target-adaptation/payload/cernak-suzuki-coupling-conversion-percent/row-map.csv,264635,dce561fb9a6e632f141ea638e7a078466c8971d6480104b6719be30d6f7a7dfd,staging-content-addressed-reference,intermediate,CC-BY-SA-4.0,Exact sanitized step-13 target artifact retained by hash reference; payload is not copied into regular Git.
06-target-adaptation,cernak-suzuki-coupling-conversion-percent,source-links.json,.staging/ord-datasets-v0/step-13/datasets/model-ready/cernak-suzuki-coupling-conversion-percent/source-links.json,intermediate/06-target-adaptation/payload/cernak-suzuki-coupling-conversion-percent/source-links.json,923,bbfa3b874bdcef00cccc63f4051edf8ca53dbc56fec782333fe9bfe30805077a,staging-content-addressed-reference,intermediate,CC-BY-SA-4.0,Exact sanitized step-13 target artifact retained by hash reference; payload is not copied into regular Git.
06-target-adaptation,cernak-suzuki-coupling-conversion-percent,target-build-provenance.json,.staging/ord-datasets-v0/step-13/datasets/model-ready/cernak-suzuki-coupling-conversion-percent/target-build-provenance.json,intermediate/06-target-adaptation/payload/cernak-suzuki-coupling-conversion-percent/target-build-provenance.json,980,d6dad2986544e3b510b5152a6538b0d44d01fa1f70698e3ced0b30cfb01ef97a,staging-content-addressed-reference,intermediate,CC-BY-SA-4.0,Exact sanitized step-13 target artifact retained by hash reference; payload is not copied into regular Git.
06-target-adaptation,cernak-ultra-hte-c-n-yield-percent,audit.jsonl,.staging/ord-datasets-v0/step-13/datasets/model-ready/cernak-ultra-hte-c-n-yield-percent/audit.jsonl,intermediate/06-target-adaptation/payload/cernak-ultra-hte-c-n-yield-percent/audit.jsonl,49015889,3c3f98eb4f86f6ad7a419fd45582815af45bb6f29f3942f70018557d46820975,staging-content-addressed-reference,intermediate,CC-BY-SA-4.0,Exact sanitized step-13 target artifact retained by hash reference; payload is not copied into regular Git.
06-target-adaptation,cernak-ultra-hte-c-n-yield-percent,exclusions.csv,.staging/ord-datasets-v0/step-13/datasets/model-ready/cernak-ultra-hte-c-n-yield-percent/exclusions.csv,intermediate/06-target-adaptation/payload/cernak-ultra-hte-c-n-yield-percent/exclusions.csv,3145,6aa89bbef99173f5b3b1297227ee2235236900613813655265771dbf3ce4fd33,staging-content-addressed-reference,intermediate,CC-BY-SA-4.0,Exact sanitized step-13 target artifact retained by hash reference; payload is not copied into regular Git.
06-target-adaptation,cernak-ultra-hte-c-n-yield-percent,metadata.json,.staging/ord-datasets-v0/step-13/datasets/model-ready/cernak-ultra-hte-c-n-yield-percent/metadata.json,intermediate/06-target-adaptation/payload/cernak-ultra-hte-c-n-yield-percent/metadata.json,2958,236cf2b3ae9f07156740b8c1c5399d0fd3930a4724cb1342317f027e3d667c42,staging-content-addressed-reference,intermediate,CC-BY-SA-4.0,Exact sanitized step-13 target artifact retained by hash reference; payload is not copied into regular Git.
06-target-adaptation,cernak-ultra-hte-c-n-yield-percent,row-map.csv,.staging/ord-datasets-v0/step-13/datasets/model-ready/cernak-ultra-hte-c-n-yield-percent/row-map.csv,intermediate/06-target-adaptation/payload/cernak-ultra-hte-c-n-yield-percent/row-map.csv,10314143,13fac23db2bd8b4c6ab4093a7ef70afe80c08aa0ea9c197ccf6b039db55ab0fe,staging-content-addressed-reference,intermediate,CC-BY-SA-4.0,Exact sanitized step-13 target artifact retained by hash reference; payload is not copied into regular Git.
06-target-adaptation,cernak-ultra-hte-c-n-yield-percent,source-links.json,.staging/ord-datasets-v0/step-13/datasets/model-ready/cernak-ultra-hte-c-n-yield-percent/source-links.json,intermediate/06-target-adaptation/payload/cernak-ultra-hte-c-n-yield-percent/source-links.json,936,cfb56db0ced03c608cc0692464aaf8b54358cb0aabe43602b3ac71930827f432,staging-content-addressed-reference,intermediate,CC-BY-SA-4.0,Exact sanitized step-13 target artifact retained by hash reference; payload is not copied into regular Git.
06-target-adaptation,cernak-ultra-hte-c-n-yield-percent,target-build-provenance.json,.staging/ord-datasets-v0/step-13/datasets/model-ready/cernak-ultra-hte-c-n-yield-percent/target-build-provenance.json,intermediate/06-target-adaptation/payload/cernak-ultra-hte-c-n-yield-percent/target-build-provenance.json,969,4edcc8b8c939509a8a8ee960202df6b27d586405d06f0d93303ca4605fa5278c,staging-content-addressed-reference,intermediate,CC-BY-SA-4.0,Exact sanitized step-13 target artifact retained by hash reference; payload is not copied into regular Git.
06-target-adaptation,chan-lam-sulfonamide-coupling-yield-percent,audit.jsonl,.staging/ord-datasets-v0/step-13/datasets/model-ready/chan-lam-sulfonamide-coupling-yield-percent/audit.jsonl,intermediate/06-target-adaptation/payload/chan-lam-sulfonamide-coupling-yield-percent/audit.jsonl,9592789,8a3a14fb1b89994d3b7414dd1548595419fa4d413c908b6658e703d6ab817261,staging-content-addressed-reference,intermediate,CC-BY-SA-4.0,Exact sanitized step-13 target artifact retained by hash reference; payload is not copied into regular Git.
06-target-adaptation,chan-lam-sulfonamide-coupling-yield-percent,exclusions.csv,.staging/ord-datasets-v0/step-13/datasets/model-ready/chan-lam-sulfonamide-coupling-yield-percent/exclusions.csv,intermediate/06-target-adaptation/payload/chan-lam-sulfonamide-coupling-yield-percent/exclusions.csv,4634,df62a4deb8d003ef572dafdd1e33705ba6db1e12f3f381516d263d4232ed3548,staging-content-addressed-reference,intermediate,CC-BY-SA-4.0,Exact sanitized step-13 target artifact retained by hash reference; payload is not copied into regular Git.
06-target-adaptation,chan-lam-sulfonamide-coupling-yield-percent,metadata.json,.staging/ord-datasets-v0/step-13/datasets/model-ready/chan-lam-sulfonamide-coupling-yield-percent/metadata.json,intermediate/06-target-adaptation/payload/chan-lam-sulfonamide-coupling-yield-percent/metadata.json,3048,8f1acf37b5e935d883325656abfcfec0a5fae2fc2c8764f3dc2489033906133e,staging-content-addressed-reference,intermediate,CC-BY-SA-4.0,Exact sanitized step-13 target artifact retained by hash reference; payload is not copied into regular Git.
06-target-adaptation,chan-lam-sulfonamide-coupling-yield-percent,row-map.csv,.staging/ord-datasets-v0/step-13/datasets/model-ready/chan-lam-sulfonamide-coupling-yield-percent/row-map.csv,intermediate/06-target-adaptation/payload/chan-lam-sulfonamide-coupling-yield-percent/row-map.csv,1937484,3c99c78f8e5e02044c4274a9ed94756af60ee597d51efe797cecbadfe4a7f6ef,staging-content-addressed-reference,intermediate,CC-BY-SA-4.0,Exact sanitized step-13 target artifact retained by hash reference; payload is not copied into regular Git.
06-target-adaptation,chan-lam-sulfonamide-coupling-yield-percent,source-links.json,.staging/ord-datasets-v0/step-13/datasets/model-ready/chan-lam-sulfonamide-coupling-yield-percent/source-links.json,intermediate/06-target-adaptation/payload/chan-lam-sulfonamide-coupling-yield-percent/source-links.json,934,a1a8933851edb5179acc9b77b9ff40dab0d17749e9a6452d9ddfe98dd25a3da7,staging-content-addressed-reference,intermediate,CC-BY-SA-4.0,Exact sanitized step-13 target artifact retained by hash reference; payload is not copied into regular Git.
06-target-adaptation,chan-lam-sulfonamide-coupling-yield-percent,target-build-provenance.json,.staging/ord-datasets-v0/step-13/datasets/model-ready/chan-lam-sulfonamide-coupling-yield-percent/target-build-provenance.json,intermediate/06-target-adaptation/payload/chan-lam-sulfonamide-coupling-yield-percent/target-build-provenance.json,974,0410366caad1bb9e2d814cdf926b77aaf179cd91b1852ed5dd5d1abcf359e2f7,staging-content-addressed-reference,intermediate,CC-BY-SA-4.0,Exact sanitized step-13 target artifact retained by hash reference; payload is not copied into regular Git.
06-target-adaptation,chemrxiv-aniline-amidation-yield-percent,audit.jsonl,.staging/ord-datasets-v0/step-13/datasets/model-ready/chemrxiv-aniline-amidation-yield-percent/audit.jsonl,intermediate/06-target-adaptation/payload/chemrxiv-aniline-amidation-yield-percent/audit.jsonl,962270,57db77438a16ba93c2d71c026c82d35eff6e843221a071b3e7731b442a7fc04b,staging-content-addressed-reference,intermediate,CC-BY-SA-4.0,Exact sanitized step-13 target artifact retained by hash reference; payload is not copied into regular Git.
06-target-adaptation,chemrxiv-aniline-amidation-yield-percent,exclusions.csv,.staging/ord-datasets-v0/step-13/datasets/model-ready/chemrxiv-aniline-amidation-yield-percent/exclusions.csv,intermediate/06-target-adaptation/payload/chemrxiv-aniline-amidation-yield-percent/exclusions.csv,538,2cf41e5f67c8f2932bd6acc9c33170f90a492213d26117ef9acb515c2e72528d,staging-content-addressed-reference,intermediate,CC-BY-SA-4.0,Exact sanitized step-13 target artifact retained by hash reference; payload is not copied into regular Git.
06-target-adaptation,chemrxiv-aniline-amidation-yield-percent,metadata.json,.staging/ord-datasets-v0/step-13/datasets/model-ready/chemrxiv-aniline-amidation-yield-percent/metadata.json,intermediate/06-target-adaptation/payload/chemrxiv-aniline-amidation-yield-percent/metadata.json,3025,7ac3238d573f16d91d9b0f0fb8450092c1ce0b3009c272e31102e9438dd6281c,staging-content-addressed-reference,intermediate,CC-BY-SA-4.0,Exact sanitized step-13 target artifact retained by hash reference; payload is not copied into regular Git.
06-target-adaptation,chemrxiv-aniline-amidation-yield-percent,row-map.csv,.staging/ord-datasets-v0/step-13/datasets/model-ready/chemrxiv-aniline-amidation-yield-percent/row-map.csv,intermediate/06-target-adaptation/payload/chemrxiv-aniline-amidation-yield-percent/row-map.csv,191267,be63107c0184d74c9f9a7ce94a96c4c7aafa3ee21e3ec37c9f73a10e6343a38b,staging-content-addressed-reference,intermediate,CC-BY-SA-4.0,Exact sanitized step-13 target artifact retained by hash reference; payload is not copied into regular Git.
06-target-adaptation,chemrxiv-aniline-amidation-yield-percent,source-links.json,.staging/ord-datasets-v0/step-13/datasets/model-ready/chemrxiv-aniline-amidation-yield-percent/source-links.json,intermediate/06-target-adaptation/payload/chemrxiv-aniline-amidation-yield-percent/source-links.json,933,167357e03f2789fd1f72b52f7413e505323c2d0aaea139ed21577431b564d6ff,staging-content-addressed-reference,intermediate,CC-BY-SA-4.0,Exact sanitized step-13 target artifact retained by hash reference; payload is not copied into regular Git.
06-target-adaptation,chemrxiv-aniline-amidation-yield-percent,target-build-provenance.json,.staging/ord-datasets-v0/step-13/datasets/model-ready/chemrxiv-aniline-amidation-yield-percent/target-build-provenance.json,intermediate/06-target-adaptation/payload/chemrxiv-aniline-amidation-yield-percent/target-build-provenance.json,981,b6b61bcc7285daada8eddd8b1f0064efb5fd41958b476d1004a3aec147ef7bdc,staging-content-addressed-reference,intermediate,CC-BY-SA-4.0,Exact sanitized step-13 target artifact retained by hash reference; payload is not copied into regular Git.
06-target-adaptation,chemrxiv-imidazole-c-h-arylation-yield-percent,audit.jsonl,.staging/ord-datasets-v0/step-13/datasets/model-ready/chemrxiv-imidazole-c-h-arylation-yield-percent/audit.jsonl,intermediate/06-target-adaptation/payload/chemrxiv-imidazole-c-h-arylation-yield-percent/audit.jsonl,1465133,45ef40a04b51b0c0b4c55f66e72de3b66852eabb0044c69359f8b52bdbe1b0a6,staging-content-addressed-reference,intermediate,CC-BY-SA-4.0,Exact sanitized step-13 target artifact retained by hash reference; payload is not copied into regular Git.
06-target-adaptation,chemrxiv-imidazole-c-h-arylation-yield-percent,exclusions.csv,.staging/ord-datasets-v0/step-13/datasets/model-ready/chemrxiv-imidazole-c-h-arylation-yield-percent/exclusions.csv,intermediate/06-target-adaptation/payload/chemrxiv-imidazole-c-h-arylation-yield-percent/exclusions.csv,1142,8f47e75aea68776f95629257185ead1b25f8088098e25f2aa75b73edd8ec4db6,staging-content-addressed-reference,intermediate,CC-BY-SA-4.0,Exact sanitized step-13 target artifact retained by hash reference; payload is not copied into regular Git.
06-target-adaptation,chemrxiv-imidazole-c-h-arylation-yield-percent,metadata.json,.staging/ord-datasets-v0/step-13/datasets/model-ready/chemrxiv-imidazole-c-h-arylation-yield-percent/metadata.json,intermediate/06-target-adaptation/payload/chemrxiv-imidazole-c-h-arylation-yield-percent/metadata.json,3100,dfda16e120a7aa737163d3039f1c166926f77610e87f9dc9ea368a8303263502,staging-content-addressed-reference,intermediate,CC-BY-SA-4.0,Exact sanitized step-13 target artifact retained by hash reference; payload is not copied into regular Git.
06-target-adaptation,chemrxiv-imidazole-c-h-arylation-yield-percent,row-map.csv,.staging/ord-datasets-v0/step-13/datasets/model-ready/chemrxiv-imidazole-c-h-arylation-yield-percent/row-map.csv,intermediate/06-target-adaptation/payload/chemrxiv-imidazole-c-h-arylation-yield-percent/row-map.csv,306734,834e743133299f6acac97bd37d9a34ccca5e3ef92fa96e062a31e12c9a12870f,staging-content-addressed-reference,intermediate,CC-BY-SA-4.0,Exact sanitized step-13 target artifact retained by hash reference; payload is not copied into regular Git.
06-target-adaptation,chemrxiv-imidazole-c-h-arylation-yield-percent,source-links.json,.staging/ord-datasets-v0/step-13/datasets/model-ready/chemrxiv-imidazole-c-h-arylation-yield-percent/source-links.json,intermediate/06-target-adaptation/payload/chemrxiv-imidazole-c-h-arylation-yield-percent/source-links.json,935,c510ebe6765834507cec7200febf04c11045d2dc2f01081b91d98229ff822180,staging-content-addressed-reference,intermediate,CC-BY-SA-4.0,Exact sanitized step-13 target artifact retained by hash reference; payload is not copied into regular Git.
06-target-adaptation,chemrxiv-imidazole-c-h-arylation-yield-percent,target-build-provenance.json,.staging/ord-datasets-v0/step-13/datasets/model-ready/chemrxiv-imidazole-c-h-arylation-yield-percent/target-build-provenance.json,intermediate/06-target-adaptation/payload/chemrxiv-imidazole-c-h-arylation-yield-percent/target-build-provenance.json,988,ac6bbce6c455237b3645b5f201ee3b1b075e3bca2e5fe361b6a9fbf480a874dd,staging-content-addressed-reference,intermediate,CC-BY-SA-4.0,Exact sanitized step-13 target artifact retained by hash reference; payload is not copied into regular Git.
06-target-adaptation,flow-catechol-product-2-response-percent,audit.jsonl,.staging/ord-datasets-v0/step-13/datasets/model-ready/flow-catechol-product-2-response-percent/audit.jsonl,intermediate/06-target-adaptation/payload/flow-catechol-product-2-response-percent/audit.jsonl,2600133,96f627cda36b99f17be7e4bd8b17177661c84e6f0cd75fcf9d62f09f1f096388,staging-content-addressed-reference,intermediate,CC-BY-SA-4.0,Exact sanitized step-13 target artifact retained by hash reference; payload is not copied into regular Git.
06-target-adaptation,flow-catechol-product-2-response-percent,exclusions.csv,.staging/ord-datasets-v0/step-13/datasets/model-ready/flow-catechol-product-2-response-percent/exclusions.csv,intermediate/06-target-adaptation/payload/flow-catechol-product-2-response-percent/exclusions.csv,85,4db87054e05506fd5de5d774c6c8838094902ffa774d224d92780299eeee63a7,staging-content-addressed-reference,intermediate,CC-BY-SA-4.0,Exact sanitized step-13 target artifact retained by hash reference; payload is not copied into regular Git.
06-target-adaptation,flow-catechol-product-2-response-percent,metadata.json,.staging/ord-datasets-v0/step-13/datasets/model-ready/flow-catechol-product-2-response-percent/metadata.json,intermediate/06-target-adaptation/payload/flow-catechol-product-2-response-percent/metadata.json,3047,9314327b9c35692e10666d6c5c0a2e3f654f02f98a254feee9239a06b5dab4e2,staging-content-addressed-reference,intermediate,CC-BY-SA-4.0,Exact sanitized step-13 target artifact retained by hash reference; payload is not copied into regular Git.
06-target-adaptation,flow-catechol-product-2-response-percent,row-map.csv,.staging/ord-datasets-v0/step-13/datasets/model-ready/flow-catechol-product-2-response-percent/row-map.csv,intermediate/06-target-adaptation/payload/flow-catechol-product-2-response-percent/row-map.csv,245723,16d61d8f56d8278be07a447031f8700ec6c5a2c02764c2f0191d86d3a76dc71f,staging-content-addressed-reference,intermediate,CC-BY-SA-4.0,Exact sanitized step-13 target artifact retained by hash reference; payload is not copied into regular Git.
06-target-adaptation,flow-catechol-product-2-response-percent,source-links.json,.staging/ord-datasets-v0/step-13/datasets/model-ready/flow-catechol-product-2-response-percent/source-links.json,intermediate/06-target-adaptation/payload/flow-catechol-product-2-response-percent/source-links.json,933,300b9457933d821feb42f6d2a6560ccf7e707c91cec7d4063608212be76d6aca,staging-content-addressed-reference,intermediate,CC-BY-SA-4.0,Exact sanitized step-13 target artifact retained by hash reference; payload is not copied into regular Git.
06-target-adaptation,flow-catechol-product-2-response-percent,target-build-provenance.json,.staging/ord-datasets-v0/step-13/datasets/model-ready/flow-catechol-product-2-response-percent/target-build-provenance.json,intermediate/06-target-adaptation/payload/flow-catechol-product-2-response-percent/target-build-provenance.json,984,813945da50324fc496589a89b49c81fe66ebe1bd17079184b38f83e21973edce,staging-content-addressed-reference,intermediate,CC-BY-SA-4.0,Exact sanitized step-13 target artifact retained by hash reference; payload is not copied into regular Git.
06-target-adaptation,flow-catechol-product-3-response-percent,audit.jsonl,.staging/ord-datasets-v0/step-13/datasets/model-ready/flow-catechol-product-3-response-percent/audit.jsonl,intermediate/06-target-adaptation/payload/flow-catechol-product-3-response-percent/audit.jsonl,2600261,fb6280e62cda2401ae8d18ad2cd6ff984a973fe40e55ba97cd14e7134ad61a14,staging-content-addressed-reference,intermediate,CC-BY-SA-4.0,Exact sanitized step-13 target artifact retained by hash reference; payload is not copied into regular Git.
06-target-adaptation,flow-catechol-product-3-response-percent,exclusions.csv,.staging/ord-datasets-v0/step-13/datasets/model-ready/flow-catechol-product-3-response-percent/exclusions.csv,intermediate/06-target-adaptation/payload/flow-catechol-product-3-response-percent/exclusions.csv,85,4db87054e05506fd5de5d774c6c8838094902ffa774d224d92780299eeee63a7,staging-content-addressed-reference,intermediate,CC-BY-SA-4.0,Exact sanitized step-13 target artifact retained by hash reference; payload is not copied into regular Git.
06-target-adaptation,flow-catechol-product-3-response-percent,metadata.json,.staging/ord-datasets-v0/step-13/datasets/model-ready/flow-catechol-product-3-response-percent/metadata.json,intermediate/06-target-adaptation/payload/flow-catechol-product-3-response-percent/metadata.json,3047,c3c235859d6ee76a44d04d1d626dee84594e59419c8563b14171badd894df11d,staging-content-addressed-reference,intermediate,CC-BY-SA-4.0,Exact sanitized step-13 target artifact retained by hash reference; payload is not copied into regular Git.
06-target-adaptation,flow-catechol-product-3-response-percent,row-map.csv,.staging/ord-datasets-v0/step-13/datasets/model-ready/flow-catechol-product-3-response-percent/row-map.csv,intermediate/06-target-adaptation/payload/flow-catechol-product-3-response-percent/row-map.csv,245723,4089f9b99c44fc7bf8c06a5399a37378c28572da4f9f7bbb414bc51c56f21201,staging-content-addressed-reference,intermediate,CC-BY-SA-4.0,Exact sanitized step-13 target artifact retained by hash reference; payload is not copied into regular Git.
06-target-adaptation,flow-catechol-product-3-response-percent,source-links.json,.staging/ord-datasets-v0/step-13/datasets/model-ready/flow-catechol-product-3-response-percent/source-links.json,intermediate/06-target-adaptation/payload/flow-catechol-product-3-response-percent/source-links.json,933,300b9457933d821feb42f6d2a6560ccf7e707c91cec7d4063608212be76d6aca,staging-content-addressed-reference,intermediate,CC-BY-SA-4.0,Exact sanitized step-13 target artifact retained by hash reference; payload is not copied into regular Git.
06-target-adaptation,flow-catechol-product-3-response-percent,target-build-provenance.json,.staging/ord-datasets-v0/step-13/datasets/model-ready/flow-catechol-product-3-response-percent/target-build-provenance.json,intermediate/06-target-adaptation/payload/flow-catechol-product-3-response-percent/target-build-provenance.json,984,3e6a8e7fd54eb4d9de2aaf5ec7a2647f23a7f6ea8299ebfb62e8711e9106a06c,staging-content-addressed-reference,intermediate,CC-BY-SA-4.0,Exact sanitized step-13 target artifact retained by hash reference; payload is not copied into regular Git.
06-target-adaptation,flow-catechol-total-product-response-percent,audit.jsonl,.staging/ord-datasets-v0/step-13/datasets/model-ready/flow-catechol-total-product-response-percent/audit.jsonl,intermediate/06-target-adaptation/payload/flow-catechol-total-product-response-percent/audit.jsonl,3415361,41947a72dd087cb585a9268ee7f491e258fba6c869fd96fb812d4ab7608ecc58,staging-content-addressed-reference,intermediate,CC-BY-SA-4.0,Exact sanitized step-13 target artifact retained by hash reference; payload is not copied into regular Git.
06-target-adaptation,flow-catechol-total-product-response-percent,exclusions.csv,.staging/ord-datasets-v0/step-13/datasets/model-ready/flow-catechol-total-product-response-percent/exclusions.csv,intermediate/06-target-adaptation/payload/flow-catechol-total-product-response-percent/exclusions.csv,85,4db87054e05506fd5de5d774c6c8838094902ffa774d224d92780299eeee63a7,staging-content-addressed-reference,intermediate,CC-BY-SA-4.0,Exact sanitized step-13 target artifact retained by hash reference; payload is not copied into regular Git.
06-target-adaptation,flow-catechol-total-product-response-percent,metadata.json,.staging/ord-datasets-v0/step-13/datasets/model-ready/flow-catechol-total-product-response-percent/metadata.json,intermediate/06-target-adaptation/payload/flow-catechol-total-product-response-percent/metadata.json,3096,4f50311b46acd438292910e54a96bce77652371a13639491d2fbfc5cc3d8b715,staging-content-addressed-reference,intermediate,CC-BY-SA-4.0,Exact sanitized step-13 target artifact retained by hash reference; payload is not copied into regular Git.
06-target-adaptation,flow-catechol-total-product-response-percent,row-map.csv,.staging/ord-datasets-v0/step-13/datasets/model-ready/flow-catechol-total-product-response-percent/row-map.csv,intermediate/06-target-adaptation/payload/flow-catechol-total-product-response-percent/row-map.csv,245723,40d9792859650c359c8306eab46ca5feee06fe0cb97509e5b043c3421660871b,staging-content-addressed-reference,intermediate,CC-BY-SA-4.0,Exact sanitized step-13 target artifact retained by hash reference; payload is not copied into regular Git.
06-target-adaptation,flow-catechol-total-product-response-percent,source-links.json,.staging/ord-datasets-v0/step-13/datasets/model-ready/flow-catechol-total-product-response-percent/source-links.json,intermediate/06-target-adaptation/payload/flow-catechol-total-product-response-percent/source-links.json,933,300b9457933d821feb42f6d2a6560ccf7e707c91cec7d4063608212be76d6aca,staging-content-addressed-reference,intermediate,CC-BY-SA-4.0,Exact sanitized step-13 target artifact retained by hash reference; payload is not copied into regular Git.
06-target-adaptation,flow-catechol-total-product-response-percent,target-build-provenance.json,.staging/ord-datasets-v0/step-13/datasets/model-ready/flow-catechol-total-product-response-percent/target-build-provenance.json,intermediate/06-target-adaptation/payload/flow-catechol-total-product-response-percent/target-build-provenance.json,988,332493010a799e49730ce6f68ed92d9925b55f2328801dec85ecbbd6f6ad37ce,staging-content-addressed-reference,intermediate,CC-BY-SA-4.0,Exact sanitized step-13 target artifact retained by hash reference; payload is not copied into regular Git.
06-target-adaptation,nano-c-n-photochemistry-yield-percent,audit.jsonl,.staging/ord-datasets-v0/step-13/datasets/model-ready/nano-c-n-photochemistry-yield-percent/audit.jsonl,intermediate/06-target-adaptation/payload/nano-c-n-photochemistry-yield-percent/audit.jsonl,1665722,f1068cc97bb89448b35c308d75ea7a382712ebb8f3eace4df2abf435b808a054,staging-content-addressed-reference,intermediate,CC-BY-SA-4.0,Exact sanitized step-13 target artifact retained by hash reference; payload is not copied into regular Git.
06-target-adaptation,nano-c-n-photochemistry-yield-percent,exclusions.csv,.staging/ord-datasets-v0/step-13/datasets/model-ready/nano-c-n-photochemistry-yield-percent/exclusions.csv,intermediate/06-target-adaptation/payload/nano-c-n-photochemistry-yield-percent/exclusions.csv,85,4db87054e05506fd5de5d774c6c8838094902ffa774d224d92780299eeee63a7,staging-content-addressed-reference,intermediate,CC-BY-SA-4.0,Exact sanitized step-13 target artifact retained by hash reference; payload is not copied into regular Git.
06-target-adaptation,nano-c-n-photochemistry-yield-percent,metadata.json,.staging/ord-datasets-v0/step-13/datasets/model-ready/nano-c-n-photochemistry-yield-percent/metadata.json,intermediate/06-target-adaptation/payload/nano-c-n-photochemistry-yield-percent/metadata.json,2981,6da9a585caa8fc2492aa40d4d853363c17bddd163c78307f3f7ef3266d7d19af,staging-content-addressed-reference,intermediate,CC-BY-SA-4.0,Exact sanitized step-13 target artifact retained by hash reference; payload is not copied into regular Git.
06-target-adaptation,nano-c-n-photochemistry-yield-percent,row-map.csv,.staging/ord-datasets-v0/step-13/datasets/model-ready/nano-c-n-photochemistry-yield-percent/row-map.csv,intermediate/06-target-adaptation/payload/nano-c-n-photochemistry-yield-percent/row-map.csv,346925,ffedd123fdc03215c748d8a18d3d86bbc4184b2b9ff44d2b968cc387fb5423d0,staging-content-addressed-reference,intermediate,CC-BY-SA-4.0,Exact sanitized step-13 target artifact retained by hash reference; payload is not copied into regular Git.
06-target-adaptation,nano-c-n-photochemistry-yield-percent,source-links.json,.staging/ord-datasets-v0/step-13/datasets/model-ready/nano-c-n-photochemistry-yield-percent/source-links.json,intermediate/06-target-adaptation/payload/nano-c-n-photochemistry-yield-percent/source-links.json,934,2bbe2d8e6acd38581803871b3e8ac4354db06a0a77bed6c3350b2eeecc515586,staging-content-addressed-reference,intermediate,CC-BY-SA-4.0,Exact sanitized step-13 target artifact retained by hash reference; payload is not copied into regular Git.
06-target-adaptation,nano-c-n-photochemistry-yield-percent,target-build-provenance.json,.staging/ord-datasets-v0/step-13/datasets/model-ready/nano-c-n-photochemistry-yield-percent/target-build-provenance.json,intermediate/06-target-adaptation/payload/nano-c-n-photochemistry-yield-percent/target-build-provenance.json,970,93ebb7f4a0206611f73f3e130d2a06339bc20594c42eecbf62718630c5d1991b,staging-content-addressed-reference,intermediate,CC-BY-SA-4.0,Exact sanitized step-13 target artifact retained by hash reference; payload is not copied into regular Git.
06-target-adaptation,nicolit-nickel-coupling-yield-percent,audit.jsonl,.staging/ord-datasets-v0/step-13/datasets/model-ready/nicolit-nickel-coupling-yield-percent/audit.jsonl,intermediate/06-target-adaptation/payload/nicolit-nickel-coupling-yield-percent/audit.jsonl,3856916,59f4a0c49a1a55400330b1bb372247098d02749e7c6a9155c9e4fab13ed44a6c,staging-content-addressed-reference,intermediate,CC-BY-SA-4.0,Exact sanitized step-13 target artifact retained by hash reference; payload is not copied into regular Git.
06-target-adaptation,nicolit-nickel-coupling-yield-percent,exclusions.csv,.staging/ord-datasets-v0/step-13/datasets/model-ready/nicolit-nickel-coupling-yield-percent/exclusions.csv,intermediate/06-target-adaptation/payload/nicolit-nickel-coupling-yield-percent/exclusions.csv,20593,0476f714c7b4f83f797f954722bd7dfbf0c02ca8deb4c4e358abcd1ac4b116ff,staging-content-addressed-reference,intermediate,CC-BY-SA-4.0,Exact sanitized step-13 target artifact retained by hash reference; payload is not copied into regular Git.
06-target-adaptation,nicolit-nickel-coupling-yield-percent,metadata.json,.staging/ord-datasets-v0/step-13/datasets/model-ready/nicolit-nickel-coupling-yield-percent/metadata.json,intermediate/06-target-adaptation/payload/nicolit-nickel-coupling-yield-percent/metadata.json,2976,72217590e7322e12583f8e0813875053a41f51646641090447b40e001cf8339c,staging-content-addressed-reference,intermediate,CC-BY-SA-4.0,Exact sanitized step-13 target artifact retained by hash reference; payload is not copied into regular Git.
06-target-adaptation,nicolit-nickel-coupling-yield-percent,row-map.csv,.staging/ord-datasets-v0/step-13/datasets/model-ready/nicolit-nickel-coupling-yield-percent/row-map.csv,intermediate/06-target-adaptation/payload/nicolit-nickel-coupling-yield-percent/row-map.csv,335061,acc6d7300beb9464bdc0ae3d9c5cdf8acf885588fca51460a036bfdef0351f03,staging-content-addressed-reference,intermediate,CC-BY-SA-4.0,Exact sanitized step-13 target artifact retained by hash reference; payload is not copied into regular Git.
06-target-adaptation,nicolit-nickel-coupling-yield-percent,source-links.json,.staging/ord-datasets-v0/step-13/datasets/model-ready/nicolit-nickel-coupling-yield-percent/source-links.json,intermediate/06-target-adaptation/payload/nicolit-nickel-coupling-yield-percent/source-links.json,934,482a40075cfb988ecae8e64ace20558deecbfa77161944666be5a73be261b740,staging-content-addressed-reference,intermediate,CC-BY-SA-4.0,Exact sanitized step-13 target artifact retained by hash reference; payload is not copied into regular Git.
06-target-adaptation,nicolit-nickel-coupling-yield-percent,target-build-provenance.json,.staging/ord-datasets-v0/step-13/datasets/model-ready/nicolit-nickel-coupling-yield-percent/target-build-provenance.json,intermediate/06-target-adaptation/payload/nicolit-nickel-coupling-yield-percent/target-build-provenance.json,973,f6ab1094ca9702204b3f01eb37888a50397a9f4c799e47d98c99022c99eadaaa,staging-content-addressed-reference,intermediate,CC-BY-SA-4.0,Exact sanitized step-13 target artifact retained by hash reference; payload is not copied into regular Git.
06-target-adaptation,pfizer-hte-lc-area-percent,audit.jsonl,.staging/ord-datasets-v0/step-13/datasets/model-ready/pfizer-hte-lc-area-percent/audit.jsonl,intermediate/06-target-adaptation/payload/pfizer-hte-lc-area-percent/audit.jsonl,54055777,fce81ca14d751160006f0334d7403a909dbdd2b091535d03bb5d1fbd7aea06f0,staging-content-addressed-reference,intermediate,CC-BY-SA-4.0,Exact sanitized step-13 target artifact retained by hash reference; payload is not copied into regular Git.
06-target-adaptation,pfizer-hte-lc-area-percent,exclusions.csv,.staging/ord-datasets-v0/step-13/datasets/model-ready/pfizer-hte-lc-area-percent/exclusions.csv,intermediate/06-target-adaptation/payload/pfizer-hte-lc-area-percent/exclusions.csv,85,4db87054e05506fd5de5d774c6c8838094902ffa774d224d92780299eeee63a7,staging-content-addressed-reference,intermediate,CC-BY-SA-4.0,Exact sanitized step-13 target artifact retained by hash reference; payload is not copied into regular Git.
06-target-adaptation,pfizer-hte-lc-area-percent,metadata.json,.staging/ord-datasets-v0/step-13/datasets/model-ready/pfizer-hte-lc-area-percent/metadata.json,intermediate/06-target-adaptation/payload/pfizer-hte-lc-area-percent/metadata.json,2875,2762dce1f2bc8ffba834dcf2764fee1d0e7b4d7734ed898f03b13f59e8adceb2,staging-content-addressed-reference,intermediate,CC-BY-SA-4.0,Exact sanitized step-13 target artifact retained by hash reference; payload is not copied into regular Git.
06-target-adaptation,pfizer-hte-lc-area-percent,row-map.csv,.staging/ord-datasets-v0/step-13/datasets/model-ready/pfizer-hte-lc-area-percent/row-map.csv,intermediate/06-target-adaptation/payload/pfizer-hte-lc-area-percent/row-map.csv,8004659,e9105d86594a9816be25a1f5fc5b0ea5c8ca4fad28fcec7a77f70c5dbe4b7c0e,staging-content-addressed-reference,intermediate,CC-BY-SA-4.0,Exact sanitized step-13 target artifact retained by hash reference; payload is not copied into regular Git.
06-target-adaptation,pfizer-hte-lc-area-percent,source-links.json,.staging/ord-datasets-v0/step-13/datasets/model-ready/pfizer-hte-lc-area-percent/source-links.json,intermediate/06-target-adaptation/payload/pfizer-hte-lc-area-percent/source-links.json,936,2ab0caffa917bbdcebb9056d8171f739ce32752bb63178115187ae916d948e66,staging-content-addressed-reference,intermediate,CC-BY-SA-4.0,Exact sanitized step-13 target artifact retained by hash reference; payload is not copied into regular Git.
06-target-adaptation,pfizer-hte-lc-area-percent,target-build-provenance.json,.staging/ord-datasets-v0/step-13/datasets/model-ready/pfizer-hte-lc-area-percent/target-build-provenance.json,intermediate/06-target-adaptation/payload/pfizer-hte-lc-area-percent/target-build-provenance.json,976,b9f818666009b7c2bdcbcd7fc499241277b79e6959f55f1c0058f9929ac7ed01,staging-content-addressed-reference,intermediate,CC-BY-SA-4.0,Exact sanitized step-13 target artifact retained by hash reference; payload is not copied into regular Git.
06-target-adaptation,photocatalytic-aryl-bromide-dehalogenation-conversion-percent,audit.jsonl,.staging/ord-datasets-v0/step-13/datasets/model-ready/photocatalytic-aryl-bromide-dehalogenation-conversion-percent/audit.jsonl,intermediate/06-target-adaptation/payload/photocatalytic-aryl-bromide-dehalogenation-conversion-percent/audit.jsonl,1012332,111bbbe137bb48cf53fbacfddbc33b1a4545adaedd9ff7574cbcceb5a3afdad1,staging-content-addressed-reference,intermediate,CC-BY-SA-4.0,Exact sanitized step-13 target artifact retained by hash reference; payload is not copied into regular Git.
06-target-adaptation,photocatalytic-aryl-bromide-dehalogenation-conversion-percent,exclusions.csv,.staging/ord-datasets-v0/step-13/datasets/model-ready/photocatalytic-aryl-bromide-dehalogenation-conversion-percent/exclusions.csv,intermediate/06-target-adaptation/payload/photocatalytic-aryl-bromide-dehalogenation-conversion-percent/exclusions.csv,85,4db87054e05506fd5de5d774c6c8838094902ffa774d224d92780299eeee63a7,staging-content-addressed-reference,intermediate,CC-BY-SA-4.0,Exact sanitized step-13 target artifact retained by hash reference; payload is not copied into regular Git.
06-target-adaptation,photocatalytic-aryl-bromide-dehalogenation-conversion-percent,metadata.json,.staging/ord-datasets-v0/step-13/datasets/model-ready/photocatalytic-aryl-bromide-dehalogenation-conversion-percent/metadata.json,intermediate/06-target-adaptation/payload/photocatalytic-aryl-bromide-dehalogenation-conversion-percent/metadata.json,3217,5c27016891ffe66bafc9731d65c9c9c3537d2eac0df2ffafd9bafaf74ed4f27e,staging-content-addressed-reference,intermediate,CC-BY-SA-4.0,Exact sanitized step-13 target artifact retained by hash reference; payload is not copied into regular Git.
06-target-adaptation,photocatalytic-aryl-bromide-dehalogenation-conversion-percent,row-map.csv,.staging/ord-datasets-v0/step-13/datasets/model-ready/photocatalytic-aryl-bromide-dehalogenation-conversion-percent/row-map.csv,intermediate/06-target-adaptation/payload/photocatalytic-aryl-bromide-dehalogenation-conversion-percent/row-map.csv,230573,e1c91bfc396d85a7b2fda5f219366b114cdb24908922758445734504ef8bfc0b,staging-content-addressed-reference,intermediate,CC-BY-SA-4.0,Exact sanitized step-13 target artifact retained by hash reference; payload is not copied into regular Git.
06-target-adaptation,photocatalytic-aryl-bromide-dehalogenation-conversion-percent,source-links.json,.staging/ord-datasets-v0/step-13/datasets/model-ready/photocatalytic-aryl-bromide-dehalogenation-conversion-percent/source-links.json,intermediate/06-target-adaptation/payload/photocatalytic-aryl-bromide-dehalogenation-conversion-percent/source-links.json,934,612be6c6ec62353f2601fea2384c9136943ddfd49c494798cee6f06650c04642,staging-content-addressed-reference,intermediate,CC-BY-SA-4.0,Exact sanitized step-13 target artifact retained by hash reference; payload is not copied into regular Git.
06-target-adaptation,photocatalytic-aryl-bromide-dehalogenation-conversion-percent,target-build-provenance.json,.staging/ord-datasets-v0/step-13/datasets/model-ready/photocatalytic-aryl-bromide-dehalogenation-conversion-percent/target-build-provenance.json,intermediate/06-target-adaptation/payload/photocatalytic-aryl-bromide-dehalogenation-conversion-percent/target-build-provenance.json,990,d9b68e4bf515bb9feff182da934d43eb3e3ffa7ce9118a2ce0d167df21272e5b,staging-content-addressed-reference,intermediate,CC-BY-SA-4.0,Exact sanitized step-13 target artifact retained by hash reference; payload is not copied into regular Git.
06-target-adaptation,roche-borylation-yield-percent,audit.jsonl,.staging/ord-datasets-v0/step-13/datasets/model-ready/roche-borylation-yield-percent/audit.jsonl,intermediate/06-target-adaptation/payload/roche-borylation-yield-percent/audit.jsonl,997116,09ac3d6d059b8e137d529a851d3b37f67deefec7c3a46578f7b0d251528c5402,staging-content-addressed-reference,intermediate,CC-BY-SA-4.0,Exact sanitized step-13 target artifact retained by hash reference; payload is not copied into regular Git.
06-target-adaptation,roche-borylation-yield-percent,exclusions.csv,.staging/ord-datasets-v0/step-13/datasets/model-ready/roche-borylation-yield-percent/exclusions.csv,intermediate/06-target-adaptation/payload/roche-borylation-yield-percent/exclusions.csv,34566,b873947560cf6be312945177da380d57b56169359e225ed2dcae4e86cc2bc28f,staging-content-addressed-reference,intermediate,CC-BY-SA-4.0,Exact sanitized step-13 target artifact retained by hash reference; payload is not copied into regular Git.
06-target-adaptation,roche-borylation-yield-percent,metadata.json,.staging/ord-datasets-v0/step-13/datasets/model-ready/roche-borylation-yield-percent/metadata.json,intermediate/06-target-adaptation/payload/roche-borylation-yield-percent/metadata.json,2912,f92864ff5f947c764e200e1631f42980fbd3687838fe936421004eab6065682c,staging-content-addressed-reference,intermediate,CC-BY-SA-4.0,Exact sanitized step-13 target artifact retained by hash reference; payload is not copied into regular Git.
06-target-adaptation,roche-borylation-yield-percent,row-map.csv,.staging/ord-datasets-v0/step-13/datasets/model-ready/roche-borylation-yield-percent/row-map.csv,intermediate/06-target-adaptation/payload/roche-borylation-yield-percent/row-map.csv,177963,ee49ecdc3cc1f6204501ab73c1b4c6954ef7cc476d646a3ae8c5530007b7ba3b,staging-content-addressed-reference,intermediate,CC-BY-SA-4.0,Exact sanitized step-13 target artifact retained by hash reference; payload is not copied into regular Git.
06-target-adaptation,roche-borylation-yield-percent,source-links.json,.staging/ord-datasets-v0/step-13/datasets/model-ready/roche-borylation-yield-percent/source-links.json,intermediate/06-target-adaptation/payload/roche-borylation-yield-percent/source-links.json,934,2927b470ff5214914530529aa140761169d76e43a86a37e881a35bb540ff1d3e,staging-content-addressed-reference,intermediate,CC-BY-SA-4.0,Exact sanitized step-13 target artifact retained by hash reference; payload is not copied into regular Git.
06-target-adaptation,roche-borylation-yield-percent,target-build-provenance.json,.staging/ord-datasets-v0/step-13/datasets/model-ready/roche-borylation-yield-percent/target-build-provenance.json,intermediate/06-target-adaptation/payload/roche-borylation-yield-percent/target-build-provenance.json,982,9e9f587d6f8321f9f0d7ea99a3ff0759cf7ee54bec781ca422682b9ed443d524,staging-content-addressed-reference,intermediate,CC-BY-SA-4.0,Exact sanitized step-13 target artifact retained by hash reference; payload is not copied into regular Git.
06-target-adaptation,science-hte-relative-lc-area-ratio,audit.jsonl,.staging/ord-datasets-v0/step-13/datasets/model-ready/science-hte-relative-lc-area-ratio/audit.jsonl,intermediate/06-target-adaptation/payload/science-hte-relative-lc-area-ratio/audit.jsonl,7641386,20d3cd578b86e0b125ccbe0e3ea3782dd2050c0a48fd2709c2aaa1d4ac6228fe,staging-content-addressed-reference,intermediate,CC-BY-SA-4.0,Exact sanitized step-13 target artifact retained by hash reference; payload is not copied into regular Git.
06-target-adaptation,science-hte-relative-lc-area-ratio,exclusions.csv,.staging/ord-datasets-v0/step-13/datasets/model-ready/science-hte-relative-lc-area-ratio/exclusions.csv,intermediate/06-target-adaptation/payload/science-hte-relative-lc-area-ratio/exclusions.csv,1268,1cbc613a6828a169615d29e6f979431f4a44e2f27b3d3d443be0612a223d3893,staging-content-addressed-reference,intermediate,CC-BY-SA-4.0,Exact sanitized step-13 target artifact retained by hash reference; payload is not copied into regular Git.
06-target-adaptation,science-hte-relative-lc-area-ratio,metadata.json,.staging/ord-datasets-v0/step-13/datasets/model-ready/science-hte-relative-lc-area-ratio/metadata.json,intermediate/06-target-adaptation/payload/science-hte-relative-lc-area-ratio/metadata.json,2994,234a8170fd5d90ac75608a702933951a41d0dda6192242783a74fd710097c81e,staging-content-addressed-reference,intermediate,CC-BY-SA-4.0,Exact sanitized step-13 target artifact retained by hash reference; payload is not copied into regular Git.
06-target-adaptation,science-hte-relative-lc-area-ratio,row-map.csv,.staging/ord-datasets-v0/step-13/datasets/model-ready/science-hte-relative-lc-area-ratio/row-map.csv,intermediate/06-target-adaptation/payload/science-hte-relative-lc-area-ratio/row-map.csv,359199,5863de3a012bf0587a435d0487d58f59c50434c1ff45c38cea6ea6d9aedb7a07,staging-content-addressed-reference,intermediate,CC-BY-SA-4.0,Exact sanitized step-13 target artifact retained by hash reference; payload is not copied into regular Git.
06-target-adaptation,science-hte-relative-lc-area-ratio,source-links.json,.staging/ord-datasets-v0/step-13/datasets/model-ready/science-hte-relative-lc-area-ratio/source-links.json,intermediate/06-target-adaptation/payload/science-hte-relative-lc-area-ratio/source-links.json,920,ef38c357f5aa0ca677546468b526a772953f6e982b867fa5df9e5148f31cdcb7,staging-content-addressed-reference,intermediate,CC-BY-SA-4.0,Exact sanitized step-13 target artifact retained by hash reference; payload is not copied into regular Git.
06-target-adaptation,science-hte-relative-lc-area-ratio,target-build-provenance.json,.staging/ord-datasets-v0/step-13/datasets/model-ready/science-hte-relative-lc-area-ratio/target-build-provenance.json,intermediate/06-target-adaptation/payload/science-hte-relative-lc-area-ratio/target-build-provenance.json,992,cd32db47f4098adbd38229e6e93fa7fcb254027287209da076b7a81eb52c10c0,staging-content-addressed-reference,intermediate,CC-BY-SA-4.0,Exact sanitized step-13 target artifact retained by hash reference; payload is not copied into regular Git.
06-target-adaptation,shields-arylation-yield-percent,audit.jsonl,.staging/ord-datasets-v0/step-13/datasets/model-ready/shields-arylation-yield-percent/audit.jsonl,intermediate/06-target-adaptation/payload/shields-arylation-yield-percent/audit.jsonl,2035320,bd3678420148dd4f9b41942364cb825ca54f5d8895079d3f3610c52147a041dd,staging-content-addressed-reference,intermediate,CC-BY-SA-4.0,Exact sanitized step-13 target artifact retained by hash reference; payload is not copied into regular Git.
06-target-adaptation,shields-arylation-yield-percent,exclusions.csv,.staging/ord-datasets-v0/step-13/datasets/model-ready/shields-arylation-yield-percent/exclusions.csv,intermediate/06-target-adaptation/payload/shields-arylation-yield-percent/exclusions.csv,85,4db87054e05506fd5de5d774c6c8838094902ffa774d224d92780299eeee63a7,staging-content-addressed-reference,intermediate,CC-BY-SA-4.0,Exact sanitized step-13 target artifact retained by hash reference; payload is not copied into regular Git.
06-target-adaptation,shields-arylation-yield-percent,metadata.json,.staging/ord-datasets-v0/step-13/datasets/model-ready/shields-arylation-yield-percent/metadata.json,intermediate/06-target-adaptation/payload/shields-arylation-yield-percent/metadata.json,2962,99d46940603d9e350307c20197f983a86407fcfcaf61df91642417877b2e6420,staging-content-addressed-reference,intermediate,CC-BY-SA-4.0,Exact sanitized step-13 target artifact retained by hash reference; payload is not copied into regular Git.
06-target-adaptation,shields-arylation-yield-percent,row-map.csv,.staging/ord-datasets-v0/step-13/datasets/model-ready/shields-arylation-yield-percent/row-map.csv,intermediate/06-target-adaptation/payload/shields-arylation-yield-percent/row-map.csv,398271,50f04d02cfaa44edb71cbbd10d937ef3e37bc7efe4bbcaf7312a2315181a69be,staging-content-addressed-reference,intermediate,CC-BY-SA-4.0,Exact sanitized step-13 target artifact retained by hash reference; payload is not copied into regular Git.
06-target-adaptation,shields-arylation-yield-percent,source-links.json,.staging/ord-datasets-v0/step-13/datasets/model-ready/shields-arylation-yield-percent/source-links.json,intermediate/06-target-adaptation/payload/shields-arylation-yield-percent/source-links.json,1672,3337b2d32c7fcd0973128c728ba4275cc5baa870a3257fc8c1154f01c23c4946,staging-content-addressed-reference,intermediate,CC-BY-SA-4.0,Exact sanitized step-13 target artifact retained by hash reference; payload is not copied into regular Git.
06-target-adaptation,shields-arylation-yield-percent,target-build-provenance.json,.staging/ord-datasets-v0/step-13/datasets/model-ready/shields-arylation-yield-percent/target-build-provenance.json,intermediate/06-target-adaptation/payload/shields-arylation-yield-percent/target-build-provenance.json,962,97a71292f817ada3a82f2bff509b665921c003f01740d3d9f248a520e9e7741f,staging-content-addressed-reference,intermediate,CC-BY-SA-4.0,Exact sanitized step-13 target artifact retained by hash reference; payload is not copied into regular Git.
06-target-adaptation,suzuki-miyaura-nanoscale-yield-percent,audit.jsonl,.staging/ord-datasets-v0/step-13/datasets/model-ready/suzuki-miyaura-nanoscale-yield-percent/audit.jsonl,intermediate/06-target-adaptation/payload/suzuki-miyaura-nanoscale-yield-percent/audit.jsonl,5575840,d96060c7a5a7e8eee55a6b76dba11b5716f8f335c16bc68173aa5fc4da2f2b79,staging-content-addressed-reference,intermediate,CC-BY-SA-4.0,Exact sanitized step-13 target artifact retained by hash reference; payload is not copied into regular Git.
06-target-adaptation,suzuki-miyaura-nanoscale-yield-percent,exclusions.csv,.staging/ord-datasets-v0/step-13/datasets/model-ready/suzuki-miyaura-nanoscale-yield-percent/exclusions.csv,intermediate/06-target-adaptation/payload/suzuki-miyaura-nanoscale-yield-percent/exclusions.csv,85,4db87054e05506fd5de5d774c6c8838094902ffa774d224d92780299eeee63a7,staging-content-addressed-reference,intermediate,CC-BY-SA-4.0,Exact sanitized step-13 target artifact retained by hash reference; payload is not copied into regular Git.
06-target-adaptation,suzuki-miyaura-nanoscale-yield-percent,metadata.json,.staging/ord-datasets-v0/step-13/datasets/model-ready/suzuki-miyaura-nanoscale-yield-percent/metadata.json,intermediate/06-target-adaptation/payload/suzuki-miyaura-nanoscale-yield-percent/metadata.json,3002,5dd1a58fa94f83074be4efd60eb86af822ffed775d5642ad8e8c2a964d4352bf,staging-content-addressed-reference,intermediate,CC-BY-SA-4.0,Exact sanitized step-13 target artifact retained by hash reference; payload is not copied into regular Git.
06-target-adaptation,suzuki-miyaura-nanoscale-yield-percent,row-map.csv,.staging/ord-datasets-v0/step-13/datasets/model-ready/suzuki-miyaura-nanoscale-yield-percent/row-map.csv,intermediate/06-target-adaptation/payload/suzuki-miyaura-nanoscale-yield-percent/row-map.csv,1161389,175f9d5922e70418d935aa0aea4113151005cefe12a8de714023a8397c224786,staging-content-addressed-reference,intermediate,CC-BY-SA-4.0,Exact sanitized step-13 target artifact retained by hash reference; payload is not copied into regular Git.
06-target-adaptation,suzuki-miyaura-nanoscale-yield-percent,source-links.json,.staging/ord-datasets-v0/step-13/datasets/model-ready/suzuki-miyaura-nanoscale-yield-percent/source-links.json,intermediate/06-target-adaptation/payload/suzuki-miyaura-nanoscale-yield-percent/source-links.json,934,80cd70e12545fc71561951538ad2ee65a3ea4bc49400eb45caa6d2b14c9b12ea,staging-content-addressed-reference,intermediate,CC-BY-SA-4.0,Exact sanitized step-13 target artifact retained by hash reference; payload is not copied into regular Git.
06-target-adaptation,suzuki-miyaura-nanoscale-yield-percent,target-build-provenance.json,.staging/ord-datasets-v0/step-13/datasets/model-ready/suzuki-miyaura-nanoscale-yield-percent/target-build-provenance.json,intermediate/06-target-adaptation/payload/suzuki-miyaura-nanoscale-yield-percent/target-build-provenance.json,972,1cdc6103210e8b09b4b89f541238bbde4deffa23852ef3469e5a1582bfb4df49,staging-content-addressed-reference,intermediate,CC-BY-SA-4.0,Exact sanitized step-13 target artifact retained by hash reference; payload is not copied into regular Git.
