dataset_slug,logical_dataset_id,row_count,reaction_payload_sha256,source_links_path,row_locator,two_hop_source_manifest
ahneman-c-n-cross-coupling,physical_46ff9a32d9e04016b9380b1b1ef949c3,4312,889ed18c722dde3ba1a2f0e745091f4a6e330c985e42a79369072dd288e9a27c,datasets/corpus/ahneman-c-n-cross-coupling/source-links.json,"physical_dataset_id,source_file,reaction_id,row_index",provenance/source-files.csv
aichemeeco-amide-coupling-conditions,physical_47eaacc46c3a4487bbdf99adb1a15e41,47015,898a686aadf805f97b3660fdced6133ad51ffc4cac48db35fa88283b487ae60c,datasets/corpus/aichemeeco-amide-coupling-conditions/source-links.json,"physical_dataset_id,source_file,reaction_id,row_index",provenance/source-files.csv
astrazeneca-eln-buchwald-hartwig-yields,physical_00005539a1e04c809a9a78647bea649c,750,a27ec65da5129e401247c840ab9ff7f23877ed7f1d54fe133aaa2ff48d42d241,datasets/corpus/astrazeneca-eln-buchwald-hartwig-yields/source-links.json,"physical_dataset_id,source_file,reaction_id,row_index",provenance/source-files.csv
asymmetric-alkylation-chemical-space,physical_c5b00523487a4211a194160edf45e9ab,1430,77681a945d66fe8801d50bd75b2b3512d4f115c8d8d337b12a5e72b3f97ec4a1,datasets/corpus/asymmetric-alkylation-chemical-space/source-links.json,"physical_dataset_id,source_file,reaction_id,row_index",provenance/source-files.csv
automated-kinetic-profiling-hplc-optimization,physical_35a5a513f1dd44a3a97c88da99f81a00,7,f65cae93bd38aa357f1da868d87c01d4cf92680f410bc9be66e9558aa586d91e,datasets/corpus/automated-kinetic-profiling-hplc-optimization/source-links.json,"physical_dataset_id,source_file,reaction_id,row_index",provenance/source-files.csv
aza-heck-impatien-a-ligand-screen,physical_5e8318f0dda04b398c14f4c3adfeb32c,24,ed3ae842e0842644f12649ab6b98b7ea533fcdb1b30a924c6a243a11c0efabbf,datasets/corpus/aza-heck-impatien-a-ligand-screen/source-links.json,"physical_dataset_id,source_file,reaction_id,row_index",provenance/source-files.csv
cernak-miniaturized-diversity-reactions,lit_10_1038_s44160_023_00351_1,2696,382ab2c212422db21075715eff0259ac57a92a5e9f6a8b1df7ee50dadaca91b1,datasets/corpus/cernak-miniaturized-diversity-reactions/source-links.json,"physical_dataset_id,source_file,reaction_id,row_index",provenance/source-files.csv
cernak-ultra-hte-c-n-coupling,physical_805ad863feef48579d95d86a728035f4,50688,5ea9115349950fbd3e51d2cb5314d0f0b4cb07ea9250f2e01ea252f6bcb9152e,datasets/corpus/cernak-ultra-hte-c-n-coupling/source-links.json,"physical_dataset_id,source_file,reaction_id,row_index",provenance/source-files.csv
chan-lam-sulfonamide-boronic-acid-coupling,physical_5c9a10329a8a48968d18879a48bb8ab2,9632,3b707a1f7b07b384dd7590cc374b38e505de2725f90088cb03c1846a6b3383c4,datasets/corpus/chan-lam-sulfonamide-boronic-acid-coupling/source-links.json,"physical_dataset_id,source_file,reaction_id,row_index",provenance/source-files.csv
chemistry-informer-libraries,lit_10_1039_c5sc04751j,354,1c4bdf20e22eaa9518032320be27b11524c9ad8295e04b357443e7d4439303df,datasets/corpus/chemistry-informer-libraries/source-links.json,"physical_dataset_id,source_file,reaction_id,row_index",provenance/source-files.csv
chemrxiv-decarboxylative-olefination-campaigns,lit_10_26434_chemrxiv_15001213,256,c8e3217f43c6f1fa380bd749e89f7f3ef657bbdc722c578511cb911b4907ab19,datasets/corpus/chemrxiv-decarboxylative-olefination-campaigns/source-links.json,"physical_dataset_id,source_file,reaction_id,row_index",provenance/source-files.csv
chemrxiv-imidazole-arylation-and-aniline-amidation,upstream_chemrxiv_64c7e2e1658ec5f7e5808425,2496,339bcf4fc4cb5e142b4480c756fd3ab67f305fb9e71f49de64ed8462059ed27d,datasets/corpus/chemrxiv-imidazole-arylation-and-aniline-amidation/source-links.json,"physical_dataset_id,source_file,reaction_id,row_index",provenance/source-files.csv
copper-enantioselective-alkene-hydroamination,physical_5540e162c09f4c04905ddc8ba9c931c6,3,276c0a63a02aae1944cd7d8190856666c64feb7325039882ac90cccee4f39df6,datasets/corpus/copper-enantioselective-alkene-hydroamination/source-links.json,"physical_dataset_id,source_file,reaction_id,row_index",provenance/source-files.csv
deoxyfluorination-screen,physical_fc83743b978f4deea7d6856deacbfe53,80,fb3c48026fef6a6c5e6314ed5c8ef0f23a1b3e170ea1a34ac947bdb7cf636414,datasets/corpus/deoxyfluorination-screen/source-links.json,"physical_dataset_id,source_file,reaction_id,row_index",provenance/source-files.csv
electroreductive-alkenyl-benzyl-halide-coupling,physical_8d1e28ec1f6b4ee8ad372e0b5ed7a62e,27,269eb56079ee70cac2e30bb994d31cb509932e4f28c0663e917509f388488195,datasets/corpus/electroreductive-alkenyl-benzyl-halide-coupling/source-links.json,"physical_dataset_id,source_file,reaction_id,row_index",provenance/source-files.csv
flow-catechol-rearrangement,physical_1ec2807f02fa4beda27d2a81b86eb843,1227,ba1d79d673196ea5cba980d23c70be89b30ef146d82eed0c8a78b1fe8ed7a1c8,datasets/corpus/flow-catechol-rearrangement/source-links.json,"physical_dataset_id,source_file,reaction_id,row_index",provenance/source-files.csv
golden-pyridine-nucleophile-cross-coupling,physical_a12fa15d036d489c971b0b514caeae52,288,7f541277c66955ad387840de42eb86c302022700ee8eaf01dc98db44cd9a4155,datasets/corpus/golden-pyridine-nucleophile-cross-coupling/source-links.json,"physical_dataset_id,source_file,reaction_id,row_index",provenance/source-files.csv
hte-suzuki-coupling,physical_eeba974d3c284aed86d1c1d442260a1e,376,90724a104a5cfa3aead59bfc16c6a412e38284898c8966af52c1c53113758daa,datasets/corpus/hte-suzuki-coupling/source-links.json,"physical_dataset_id,source_file,reaction_id,row_index",provenance/source-files.csv
imidazopyridine-three-component-synthesis,physical_10b940e7982c4622b1e1ac879394aba6,384,09b41f96ca705d1b7f19169c8b3bcfd383e9b9109f7ad7974617077b61e01589,datasets/corpus/imidazopyridine-three-component-synthesis/source-links.json,"physical_dataset_id,source_file,reaction_id,row_index",provenance/source-files.csv
islatravir-biocatalytic-cascade,physical_6a0bfcdf53a64c07987822162ae591e2,3,30073366994acdc921b9d4d84c02ea17dd741e167e834e75162be3f4840027fe,datasets/corpus/islatravir-biocatalytic-cascade/source-links.json,"physical_dataset_id,source_file,reaction_id,row_index",provenance/source-files.csv
microwave-biginelli-condensation,physical_55de08a995554f558c25fc43eac62359,48,7d96aa6dc6f923652648458fddaa3cbb6277502948c0c316deffb2585e373f87,datasets/corpus/microwave-biginelli-condensation/source-links.json,"physical_dataset_id,source_file,reaction_id,row_index",provenance/source-files.csv
nano-c-n-photochemistry-informer,physical_ac78456835404910b3a4c840248b6ac9,1728,1aa201d80f3f50dc9f40c2d0c5445524d86a69f05f481116bf2f2876f51336fe,datasets/corpus/nano-c-n-photochemistry-informer/source-links.json,"physical_dataset_id,source_file,reaction_id,row_index",provenance/source-files.csv
newman-1-octene-mizoroki-heck,physical_1d3a1a6fb70d46c084602d0688967afc,96,383f2eb4a13165641c3a3c1510b0de4f94a527371f6539c7111f5b1b0cfbc42a,datasets/corpus/newman-1-octene-mizoroki-heck/source-links.json,"physical_dataset_id,source_file,reaction_id,row_index",provenance/source-files.csv
newman-n-vinyl-pyrrolidone-mizoroki-heck,physical_ce5045aceb214cfc8bfd0ef3031e2737,96,85aaf7e0e09a34e35fc29bb91214024d3a1dfd9990a39c09aecb402660a44fa2,datasets/corpus/newman-n-vinyl-pyrrolidone-mizoroki-heck/source-links.json,"physical_dataset_id,source_file,reaction_id,row_index",provenance/source-files.csv
newman-styrene-mizoroki-heck,physical_0316886541d9435489859c2ad7edc863,96,5cf6160fd51959331c10b51d9460b6c9af84ae423cee7d01021717cc286c5f7d,datasets/corpus/newman-styrene-mizoroki-heck/source-links.json,"physical_dataset_id,source_file,reaction_id,row_index",provenance/source-files.csv
newman-vinyl-ether-mizoroki-heck,physical_52bd3b0ec72c443aab113bcea09bf3f4,96,d53c59749bd46d17245fb48e6ba89b7b9470556eedd7456d3ba98ae395e30cf9,datasets/corpus/newman-vinyl-ether-mizoroki-heck/source-links.json,"physical_dataset_id,source_file,reaction_id,row_index",provenance/source-files.csv
nickel-suzuki-miyaura-cross-coupling,physical_3b5db90e337942ea886b8f5bc5e3aa72,450,2056bbc46e004d294e7bc9b9c317302a6df3b9e843f2b9718c77f3e2ead00b58,datasets/corpus/nickel-suzuki-miyaura-cross-coupling/source-links.json,"physical_dataset_id,source_file,reaction_id,row_index",provenance/source-files.csv
nicolit-nickel-cross-couplings,physical_9b8aa9a7835143ef8ce3f70abfab7545,1762,e3915c5fb7ca26931e6c64d88fb649980939b99d3ee0bfd2cbac927c3a40569c,datasets/corpus/nicolit-nickel-cross-couplings/source-links.json,"physical_dataset_id,source_file,reaction_id,row_index",provenance/source-files.csv
pfizer-hte-reaction-conditions,physical_d92976309c3a48a3a64a4cf5e7048086,39347,f25da3289cc17f21e0da69bf557b40d36f519190b554f97212c8b6def1e9b754,datasets/corpus/pfizer-hte-reaction-conditions/source-links.json,"physical_dataset_id,source_file,reaction_id,row_index",provenance/source-files.csv
photocatalytic-aryl-bromide-dehalogenation,physical_b440f8c90b6343189093770060fc4098,1152,d269f6f99d570067a9ae25c4d97d6486660f06dcf14afc65468c31a6b78ebc76,datasets/corpus/photocatalytic-aryl-bromide-dehalogenation/source-links.json,"physical_dataset_id,source_file,reaction_id,row_index",provenance/source-files.csv
pyparser-oxazole-c-h-activation,physical_5415f83da68e4797856ddd330dda5c61,48,b57b3d9affe356285900de7c3341b5b0675cbe3f5851a8c3f1b2f0e7433971e2,datasets/corpus/pyparser-oxazole-c-h-activation/source-links.json,"physical_dataset_id,source_file,reaction_id,row_index",provenance/source-files.csv
reizman-suzuki-miyaura-feedback-optimization,lit_10_1039_c6re00153j,385,e8e402ed49074bbbd0eee98a534edf00dc1090b95e0afe4b88675cf66fb1ca89,datasets/corpus/reizman-suzuki-miyaura-feedback-optimization/source-links.json,"physical_dataset_id,source_file,reaction_id,row_index",provenance/source-files.csv
rexgen-direct-reaction-smiles,upstream_rexgen_direct_c8sc04228d,479035,f9bcff02cf8333ce07996d85a233e6ebdedb1d1dab66992036dfb1ed8dc92fc2,datasets/corpus/rexgen-direct-reaction-smiles/source-links.json,"physical_dataset_id,source_file,reaction_id,row_index",provenance/source-files.csv
roche-borylation-surf,physical_99c23cf435dc42f1af884053bc8b11c7,1111,a81c55ed41e0adad92340746746df7e3c6637dd4bc81cb9dc35c2c6df0d714dc,datasets/corpus/roche-borylation-surf/source-links.json,"physical_dataset_id,source_file,reaction_id,row_index",provenance/source-files.csv
roche-minisci-surf,physical_feaf1b793c6d408aaec1cac7cc3ceadc,130,009f0293f868adb738c3dc31663591d997d8f70b938d393d22c21f736395c8fb,datasets/corpus/roche-minisci-surf/source-links.json,"physical_dataset_id,source_file,reaction_id,row_index",provenance/source-files.csv
science-hte-palladium-cross-coupling,lit_10_1126_science_1259203,1824,6710778c355d7d649a5a5902ff0011ad35fd67c6802db298892d12b326ec8ef4,datasets/corpus/science-hte-palladium-cross-coupling/source-links.json,"physical_dataset_id,source_file,reaction_id,row_index",provenance/source-files.csv
shields-bayesian-arylation,lit_10_1038_s41586_021_03213_y,1984,fda075ca3e3a7c2ccd662a9696f63d18ee4720662b381b98adbefe0388dbacda,datasets/corpus/shields-bayesian-arylation/source-links.json,"physical_dataset_id,source_file,reaction_id,row_index",provenance/source-files.csv
sp3-carboxyl-aryl-halide-coupling,physical_89b083710e2d441aa0040c361d63359f,24,74af905ebcfe1126d4aa6851185f81c6e5b1d6d4da7c2ea9766a1b469db2171f,datasets/corpus/sp3-carboxyl-aryl-halide-coupling/source-links.json,"physical_dataset_id,source_file,reaction_id,row_index",provenance/source-files.csv
sulfonamide-flow-synthesis-library,physical_5eb7f2689f4a42eba63ad9e37e49a5cd,39,e12193ff91def94b07e32eb1bf7d0c52cb213e8b34397f73c46b8dfc47528694,datasets/corpus/sulfonamide-flow-synthesis-library/source-links.json,"physical_dataset_id,source_file,reaction_id,row_index",provenance/source-files.csv
suzuki-miyaura-nanoscale-screen,physical_68cb8b4b2b384e3d85b5b1efae58b203,5760,00ea04f4c541daf35073dad22e26de8d94befc3841ba8a6fd174adfa4948a714,datasets/corpus/suzuki-miyaura-nanoscale-screen/source-links.json,"physical_dataset_id,source_file,reaction_id,row_index",provenance/source-files.csv
uspto-grants-reactions,physical_1158e351757f315b93cbcbe7bc55f38e,1771032,e0b96db7d9db81aa27ea312884b23ddfe2e7c7e3a986a2109e6da5b7c16b0c72,datasets/corpus/uspto-grants-reactions/source-links.json,"physical_dataset_id,source_file,reaction_id,row_index",provenance/source-files.csv
