target_slug,target_id,logical_dataset_id,included_count,excluded_count,row_map_sha256,audit_sha256,exclusions_sha256,source_links_path,row_locator,two_hop_source_manifest
ahneman-c-n-cross-coupling-yield-percent,ahneman_yield_percent,physical_46ff9a32d9e04016b9380b1b1ef949c3,4312,0,a1cecd6b5d68702d2153c35c0d6c184f8a72f7b73b486bbc48cc1b07c15e9504,51a45a5858b8b5ea0f068388fd2d7af3ace39f76f685e0f10054e368dfb87215,4db87054e05506fd5de5d774c6c8838094902ffa774d224d92780299eeee63a7,datasets/model-ready/ahneman-c-n-cross-coupling-yield-percent/source-links.json,"reaction_key,physical_dataset_id,source_row_index,label_decision_id",provenance/source-files.csv
asymmetric-alkylation-ee-s-minus-r-percent,asymmetric_alkylation_ee_s_minus_r_percent,physical_c5b00523487a4211a194160edf45e9ab,1430,0,a829c13773734275e8c368cf7a387334ad3e6e241ce45958eb7f6034155e87fb,d035af84551d3fbf4e6049b3250cfca72fbd53ea6c672311f74006c9cd349cf5,4db87054e05506fd5de5d774c6c8838094902ffa774d224d92780299eeee63a7,datasets/model-ready/asymmetric-alkylation-ee-s-minus-r-percent/source-links.json,"reaction_key,physical_dataset_id,source_row_index,label_decision_id",provenance/source-files.csv
cernak-reductive-amination-conversion-percent,cernak_member_2be11_conversion_percent,lit_10_1038_s44160_023_00351_1,1152,0,9201530efa7e16260d50fecf09f53908640de8f91d27bc66ea1f281feebb719e,3f51edd588cfd439ed80b161e8e1607b25cea68faf7769f4104d6495dfa2d4c9,4db87054e05506fd5de5d774c6c8838094902ffa774d224d92780299eeee63a7,datasets/model-ready/cernak-reductive-amination-conversion-percent/source-links.json,"reaction_key,physical_dataset_id,source_row_index,label_decision_id",provenance/source-files.csv
cernak-suzuki-coupling-conversion-percent,cernak_member_3b8a2e_conversion_percent,lit_10_1038_s44160_023_00351_1,1320,120,dce561fb9a6e632f141ea638e7a078466c8971d6480104b6719be30d6f7a7dfd,33c223ede6e04718cb342d266fbbb594f95846e2015d35d7847713505204901a,5ae11eca84432d9f83fff0aa5599c132241312bb3f0ee6b3044ada48b6ee28ba,datasets/model-ready/cernak-suzuki-coupling-conversion-percent/source-links.json,"reaction_key,physical_dataset_id,source_row_index,label_decision_id",provenance/source-files.csv
cernak-ultra-hte-c-n-yield-percent,c_n_yield_percent,physical_805ad863feef48579d95d86a728035f4,50668,20,13fac23db2bd8b4c6ab4093a7ef70afe80c08aa0ea9c197ccf6b039db55ab0fe,3c3f98eb4f86f6ad7a419fd45582815af45bb6f29f3942f70018557d46820975,6aa89bbef99173f5b3b1297227ee2235236900613813655265771dbf3ce4fd33,datasets/model-ready/cernak-ultra-hte-c-n-yield-percent/source-links.json,"reaction_key,physical_dataset_id,source_row_index,label_decision_id",provenance/source-files.csv
chan-lam-sulfonamide-coupling-yield-percent,chan_lam_yield_percent,physical_5c9a10329a8a48968d18879a48bb8ab2,9602,30,3c99c78f8e5e02044c4274a9ed94756af60ee597d51efe797cecbadfe4a7f6ef,8a3a14fb1b89994d3b7414dd1548595419fa4d413c908b6658e703d6ab817261,df62a4deb8d003ef572dafdd1e33705ba6db1e12f3f381516d263d4232ed3548,datasets/model-ready/chan-lam-sulfonamide-coupling-yield-percent/source-links.json,"reaction_key,physical_dataset_id,source_row_index,label_decision_id",provenance/source-files.csv
chemrxiv-aniline-amidation-yield-percent,chemrxiv_amide_yield_percent,upstream_chemrxiv_64c7e2e1658ec5f7e5808425,957,3,be63107c0184d74c9f9a7ce94a96c4c7aafa3ee21e3ec37c9f73a10e6343a38b,57db77438a16ba93c2d71c026c82d35eff6e843221a071b3e7731b442a7fc04b,2cf41e5f67c8f2932bd6acc9c33170f90a492213d26117ef9acb515c2e72528d,datasets/model-ready/chemrxiv-aniline-amidation-yield-percent/source-links.json,"reaction_key,physical_dataset_id,source_row_index,label_decision_id",provenance/source-files.csv
chemrxiv-imidazole-c-h-arylation-yield-percent,chemrxiv_ch_arylation_yield_percent,upstream_chemrxiv_64c7e2e1658ec5f7e5808425,1529,7,834e743133299f6acac97bd37d9a34ccca5e3ef92fa96e062a31e12c9a12870f,45ef40a04b51b0c0b4c55f66e72de3b66852eabb0044c69359f8b52bdbe1b0a6,8f47e75aea68776f95629257185ead1b25f8088098e25f2aa75b73edd8ec4db6,datasets/model-ready/chemrxiv-imidazole-c-h-arylation-yield-percent/source-links.json,"reaction_key,physical_dataset_id,source_row_index,label_decision_id",provenance/source-files.csv
flow-catechol-product-2-response-percent,catechol_product_2_yield_percent,physical_1ec2807f02fa4beda27d2a81b86eb843,1227,0,16d61d8f56d8278be07a447031f8700ec6c5a2c02764c2f0191d86d3a76dc71f,96f627cda36b99f17be7e4bd8b17177661c84e6f0cd75fcf9d62f09f1f096388,4db87054e05506fd5de5d774c6c8838094902ffa774d224d92780299eeee63a7,datasets/model-ready/flow-catechol-product-2-response-percent/source-links.json,"reaction_key,physical_dataset_id,source_row_index,label_decision_id",provenance/source-files.csv
flow-catechol-product-3-response-percent,catechol_product_3_yield_percent,physical_1ec2807f02fa4beda27d2a81b86eb843,1227,0,4089f9b99c44fc7bf8c06a5399a37378c28572da4f9f7bbb414bc51c56f21201,fb6280e62cda2401ae8d18ad2cd6ff984a973fe40e55ba97cd14e7134ad61a14,4db87054e05506fd5de5d774c6c8838094902ffa774d224d92780299eeee63a7,datasets/model-ready/flow-catechol-product-3-response-percent/source-links.json,"reaction_key,physical_dataset_id,source_row_index,label_decision_id",provenance/source-files.csv
flow-catechol-total-product-response-percent,catechol_total_product_yield_percent,physical_1ec2807f02fa4beda27d2a81b86eb843,1227,0,40d9792859650c359c8306eab46ca5feee06fe0cb97509e5b043c3421660871b,41947a72dd087cb585a9268ee7f491e258fba6c869fd96fb812d4ab7608ecc58,4db87054e05506fd5de5d774c6c8838094902ffa774d224d92780299eeee63a7,datasets/model-ready/flow-catechol-total-product-response-percent/source-links.json,"reaction_key,physical_dataset_id,source_row_index,label_decision_id",provenance/source-files.csv
nano-c-n-photochemistry-yield-percent,nano_yield_percent,physical_ac78456835404910b3a4c840248b6ac9,1728,0,ffedd123fdc03215c748d8a18d3d86bbc4184b2b9ff44d2b968cc387fb5423d0,f1068cc97bb89448b35c308d75ea7a382712ebb8f3eace4df2abf435b808a054,4db87054e05506fd5de5d774c6c8838094902ffa774d224d92780299eeee63a7,datasets/model-ready/nano-c-n-photochemistry-yield-percent/source-links.json,"reaction_key,physical_dataset_id,source_row_index,label_decision_id",provenance/source-files.csv
nicolit-nickel-coupling-yield-percent,nicolit_yield_percent,physical_9b8aa9a7835143ef8ce3f70abfab7545,1669,93,acc6d7300beb9464bdc0ae3d9c5cdf8acf885588fca51460a036bfdef0351f03,59f4a0c49a1a55400330b1bb372247098d02749e7c6a9155c9e4fab13ed44a6c,0476f714c7b4f83f797f954722bd7dfbf0c02ca8deb4c4e358abcd1ac4b116ff,datasets/model-ready/nicolit-nickel-coupling-yield-percent/source-links.json,"reaction_key,physical_dataset_id,source_row_index,label_decision_id",provenance/source-files.csv
pfizer-hte-lc-area-percent,pfizer_lcms_area_percent,physical_d92976309c3a48a3a64a4cf5e7048086,39347,0,e9105d86594a9816be25a1f5fc5b0ea5c8ca4fad28fcec7a77f70c5dbe4b7c0e,fce81ca14d751160006f0334d7403a909dbdd2b091535d03bb5d1fbd7aea06f0,4db87054e05506fd5de5d774c6c8838094902ffa774d224d92780299eeee63a7,datasets/model-ready/pfizer-hte-lc-area-percent/source-links.json,"reaction_key,physical_dataset_id,source_row_index,label_decision_id",provenance/source-files.csv
photocatalytic-aryl-bromide-dehalogenation-conversion-percent,photodehalogenation_conversion_percent,physical_b440f8c90b6343189093770060fc4098,1152,0,e1c91bfc396d85a7b2fda5f219366b114cdb24908922758445734504ef8bfc0b,111bbbe137bb48cf53fbacfddbc33b1a4545adaedd9ff7574cbcceb5a3afdad1,4db87054e05506fd5de5d774c6c8838094902ffa774d224d92780299eeee63a7,datasets/model-ready/photocatalytic-aryl-bromide-dehalogenation-conversion-percent/source-links.json,"reaction_key,physical_dataset_id,source_row_index,label_decision_id",provenance/source-files.csv
roche-borylation-yield-percent,roche_borylation_yield_percent,physical_99c23cf435dc42f1af884053bc8b11c7,890,221,ee49ecdc3cc1f6204501ab73c1b4c6954ef7cc476d646a3ae8c5530007b7ba3b,09ac3d6d059b8e137d529a851d3b37f67deefec7c3a46578f7b0d251528c5402,b873947560cf6be312945177da380d57b56169359e225ed2dcae4e86cc2bc28f,datasets/model-ready/roche-borylation-yield-percent/source-links.json,"reaction_key,physical_dataset_id,source_row_index,label_decision_id",provenance/source-files.csv
science-hte-relative-lc-area-ratio,science_hte_diverse_nucleophile_relative_lc_area_ratio,lit_10_1126_science_1259203,1531,5,5863de3a012bf0587a435d0487d58f59c50434c1ff45c38cea6ea6d9aedb7a07,20d3cd578b86e0b125ccbe0e3ea3782dd2050c0a48fd2709c2aaa1d4ac6228fe,1cbc613a6828a169615d29e6f979431f4a44e2f27b3d3d443be0612a223d3893,datasets/model-ready/science-hte-relative-lc-area-ratio/source-links.json,"reaction_key,physical_dataset_id,source_row_index,label_decision_id",provenance/source-files.csv
shields-arylation-yield-percent,shields_yield_percent,lit_10_1038_s41586_021_03213_y,1984,0,50f04d02cfaa44edb71cbbd10d937ef3e37bc7efe4bbcaf7312a2315181a69be,bd3678420148dd4f9b41942364cb825ca54f5d8895079d3f3610c52147a041dd,4db87054e05506fd5de5d774c6c8838094902ffa774d224d92780299eeee63a7,datasets/model-ready/shields-arylation-yield-percent/source-links.json,"reaction_key,physical_dataset_id,source_row_index,label_decision_id",provenance/source-files.csv
suzuki-miyaura-nanoscale-yield-percent,suzuki_yield_percent,physical_68cb8b4b2b384e3d85b5b1efae58b203,5760,0,175f9d5922e70418d935aa0aea4113151005cefe12a8de714023a8397c224786,d96060c7a5a7e8eee55a6b76dba11b5716f8f335c16bc68173aa5fc4da2f2b79,4db87054e05506fd5de5d774c6c8838094902ffa774d224d92780299eeee63a7,datasets/model-ready/suzuki-miyaura-nanoscale-yield-percent/source-links.json,"reaction_key,physical_dataset_id,source_row_index,label_decision_id",provenance/source-files.csv
