reaction_key,physical_dataset_id,source_row_index,label_decision_id,exclusion_reason
ord_dataset-5c9a10329a8a48968d18879a48bb8ab2:ord-0b193856982f49dd84a4f460dc4fe82f,ord_dataset-5c9a10329a8a48968d18879a48bb8ab2,1596,,label_out_of_range
ord_dataset-5c9a10329a8a48968d18879a48bb8ab2:ord-0ed9db70d7774a2ba1a5f93a67144d3a,ord_dataset-5c9a10329a8a48968d18879a48bb8ab2,7236,,label_out_of_range
ord_dataset-5c9a10329a8a48968d18879a48bb8ab2:ord-138163c67bd442c9b433c212f98154d3,ord_dataset-5c9a10329a8a48968d18879a48bb8ab2,4040,,label_out_of_range
ord_dataset-5c9a10329a8a48968d18879a48bb8ab2:ord-1e5ea43fb9f34f99a4b1e48bf5499bb7,ord_dataset-5c9a10329a8a48968d18879a48bb8ab2,7223,,label_out_of_range
ord_dataset-5c9a10329a8a48968d18879a48bb8ab2:ord-1e6ec2131be444db9bdd456099174e11,ord_dataset-5c9a10329a8a48968d18879a48bb8ab2,1727,,label_out_of_range
ord_dataset-5c9a10329a8a48968d18879a48bb8ab2:ord-327ceb65f0fb42f0bdd48d72949ffd20,ord_dataset-5c9a10329a8a48968d18879a48bb8ab2,6453,,label_out_of_range
ord_dataset-5c9a10329a8a48968d18879a48bb8ab2:ord-3520970b570046219e3a5b8809b639ad,ord_dataset-5c9a10329a8a48968d18879a48bb8ab2,7225,,label_out_of_range
ord_dataset-5c9a10329a8a48968d18879a48bb8ab2:ord-3beccc6b2d4e4c129a0581ee1263612d,ord_dataset-5c9a10329a8a48968d18879a48bb8ab2,7224,,label_out_of_range
ord_dataset-5c9a10329a8a48968d18879a48bb8ab2:ord-3dc71f939b3042a2843538ce94d1ba72,ord_dataset-5c9a10329a8a48968d18879a48bb8ab2,7517,,label_out_of_range
ord_dataset-5c9a10329a8a48968d18879a48bb8ab2:ord-40b87abc986a46bb877e60e773fb9882,ord_dataset-5c9a10329a8a48968d18879a48bb8ab2,1567,,label_out_of_range
ord_dataset-5c9a10329a8a48968d18879a48bb8ab2:ord-4a95828ed8d94443901667ef7bbec375,ord_dataset-5c9a10329a8a48968d18879a48bb8ab2,788,,label_out_of_range
ord_dataset-5c9a10329a8a48968d18879a48bb8ab2:ord-4e8b0b563d3a4ef29cefa424584f0155,ord_dataset-5c9a10329a8a48968d18879a48bb8ab2,7211,,label_out_of_range
ord_dataset-5c9a10329a8a48968d18879a48bb8ab2:ord-4f061e6260864f8fa4d214e270e5b2fe,ord_dataset-5c9a10329a8a48968d18879a48bb8ab2,764,,label_out_of_range
ord_dataset-5c9a10329a8a48968d18879a48bb8ab2:ord-53394ff1016844deaa13e8dc95731946,ord_dataset-5c9a10329a8a48968d18879a48bb8ab2,752,,label_out_of_range
ord_dataset-5c9a10329a8a48968d18879a48bb8ab2:ord-538a362154054969b8a0e029f5ec8f05,ord_dataset-5c9a10329a8a48968d18879a48bb8ab2,776,,label_out_of_range
ord_dataset-5c9a10329a8a48968d18879a48bb8ab2:ord-5a78e528f3a9472290741342a20e3278,ord_dataset-5c9a10329a8a48968d18879a48bb8ab2,12,,label_out_of_range
ord_dataset-5c9a10329a8a48968d18879a48bb8ab2:ord-601c91e967644143ba3986c48588a057,ord_dataset-5c9a10329a8a48968d18879a48bb8ab2,789,,label_out_of_range
ord_dataset-5c9a10329a8a48968d18879a48bb8ab2:ord-610cd1c86f62416eba2d3f5a53f09f9a,ord_dataset-5c9a10329a8a48968d18879a48bb8ab2,1628,,label_out_of_range
ord_dataset-5c9a10329a8a48968d18879a48bb8ab2:ord-6903cfe814c74f8d96219ccd0b34b668,ord_dataset-5c9a10329a8a48968d18879a48bb8ab2,644,,label_out_of_range
ord_dataset-5c9a10329a8a48968d18879a48bb8ab2:ord-7543887035054b5e85d01b5e298a925f,ord_dataset-5c9a10329a8a48968d18879a48bb8ab2,1564,,label_out_of_range
ord_dataset-5c9a10329a8a48968d18879a48bb8ab2:ord-777bf9e9f05d48be92555a075a33d593,ord_dataset-5c9a10329a8a48968d18879a48bb8ab2,1724,,label_out_of_range
ord_dataset-5c9a10329a8a48968d18879a48bb8ab2:ord-82f2070998f34bc18be6c4ad8fe94098,ord_dataset-5c9a10329a8a48968d18879a48bb8ab2,7077,,label_out_of_range
ord_dataset-5c9a10329a8a48968d18879a48bb8ab2:ord-833c59fc949447e694fa0d5a31698a38,ord_dataset-5c9a10329a8a48968d18879a48bb8ab2,6444,,label_out_of_range
ord_dataset-5c9a10329a8a48968d18879a48bb8ab2:ord-9594d33827b5402eb1f98e3005970af6,ord_dataset-5c9a10329a8a48968d18879a48bb8ab2,15,,label_out_of_range
ord_dataset-5c9a10329a8a48968d18879a48bb8ab2:ord-a5055fa9683d4d89b095e113b218776b,ord_dataset-5c9a10329a8a48968d18879a48bb8ab2,753,,label_out_of_range
ord_dataset-5c9a10329a8a48968d18879a48bb8ab2:ord-b2f4d00425d1462294738e1112ce15c3,ord_dataset-5c9a10329a8a48968d18879a48bb8ab2,2864,,label_out_of_range
ord_dataset-5c9a10329a8a48968d18879a48bb8ab2:ord-b964818182734a4fa44f15052d6164c4,ord_dataset-5c9a10329a8a48968d18879a48bb8ab2,1064,,label_out_of_range
ord_dataset-5c9a10329a8a48968d18879a48bb8ab2:ord-bba5c814ad014ce4b5a8b1dc93bf4537,ord_dataset-5c9a10329a8a48968d18879a48bb8ab2,7508,,label_out_of_range
ord_dataset-5c9a10329a8a48968d18879a48bb8ab2:ord-c131298b6df74282b94ffc79883c85e4,ord_dataset-5c9a10329a8a48968d18879a48bb8ab2,1756,,label_out_of_range
ord_dataset-5c9a10329a8a48968d18879a48bb8ab2:ord-fdd6de3bae2d420cbf2a47232f02de0b,ord_dataset-5c9a10329a8a48968d18879a48bb8ab2,7076,,label_out_of_range
