physical_dataset_id,source_file_id,upstream_path,source_file_url,upstream_revision,source_sha256,git_lfs_oid,size_bytes,reaction_count,license_id,verification_status
ord_dataset-00005539a1e04c809a9a78647bea649c,ord_dataset-00005539a1e04c809a9a78647bea649c,data/00/ord_dataset-00005539a1e04c809a9a78647bea649c.parquet,https://github.com/open-reaction-database/ord-data/blob/83f971f586f6ad18f358ae4ae99d045e94ed2066/data/00/ord_dataset-00005539a1e04c809a9a78647bea649c.parquet,83f971f586f6ad18f358ae4ae99d045e94ed2066,bf1686ca6edac300a61acb5a5ee006ab5fd61007962ae19062b3d3c7879f84a9,bf1686ca6edac300a61acb5a5ee006ab5fd61007962ae19062b3d3c7879f84a9,274285,750,CC-BY-SA-4.0,verified
ord_dataset-0316886541d9435489859c2ad7edc863,ord_dataset-0316886541d9435489859c2ad7edc863,data/03/ord_dataset-0316886541d9435489859c2ad7edc863.parquet,https://github.com/open-reaction-database/ord-data/blob/83f971f586f6ad18f358ae4ae99d045e94ed2066/data/03/ord_dataset-0316886541d9435489859c2ad7edc863.parquet,83f971f586f6ad18f358ae4ae99d045e94ed2066,786b10eb7815c92e07800b7005fbdd046f15158c834b05596c6b02d3d6d2128e,786b10eb7815c92e07800b7005fbdd046f15158c834b05596c6b02d3d6d2128e,24703,96,CC-BY-SA-4.0,verified
ord_dataset-0c75d67751634f0594b24b9f498b77c2,ord_dataset-0c75d67751634f0594b24b9f498b77c2,data/0c/ord_dataset-0c75d67751634f0594b24b9f498b77c2.parquet,https://github.com/open-reaction-database/ord-data/blob/83f971f586f6ad18f358ae4ae99d045e94ed2066/data/0c/ord_dataset-0c75d67751634f0594b24b9f498b77c2.parquet,83f971f586f6ad18f358ae4ae99d045e94ed2066,00fe35e881dc9a02feaa9186eaf69a221a44f1a281ea1b01f593953ecd65ede6,00fe35e881dc9a02feaa9186eaf69a221a44f1a281ea1b01f593953ecd65ede6,29842,256,CC-BY-SA-4.0,verified
ord_dataset-10b940e7982c4622b1e1ac879394aba6,ord_dataset-10b940e7982c4622b1e1ac879394aba6,data/10/ord_dataset-10b940e7982c4622b1e1ac879394aba6.parquet,https://github.com/open-reaction-database/ord-data/blob/83f971f586f6ad18f358ae4ae99d045e94ed2066/data/10/ord_dataset-10b940e7982c4622b1e1ac879394aba6.parquet,83f971f586f6ad18f358ae4ae99d045e94ed2066,79923835d81b529c5d771cd7dc0ad6707348e6ceecbe4528205c47bb6de1d044,79923835d81b529c5d771cd7dc0ad6707348e6ceecbe4528205c47bb6de1d044,43989,384,CC-BY-SA-4.0,verified
ord_dataset-1158e351757f315b93cbcbe7bc55f38e,ord_dataset-1158e351757f315b93cbcbe7bc55f38e,data/11/ord_dataset-1158e351757f315b93cbcbe7bc55f38e.parquet,https://github.com/open-reaction-database/ord-data/blob/83f971f586f6ad18f358ae4ae99d045e94ed2066/data/11/ord_dataset-1158e351757f315b93cbcbe7bc55f38e.parquet,83f971f586f6ad18f358ae4ae99d045e94ed2066,d0fa5e21c621d16714bae1b9157022b5a3ea02db909a2af8d7b5b976f7c950b5,d0fa5e21c621d16714bae1b9157022b5a3ea02db909a2af8d7b5b976f7c950b5,1112719074,1771032,CC-BY-SA-4.0,verified
ord_dataset-172039a759a440219a68af62d203b79b,ord_dataset-172039a759a440219a68af62d203b79b,data/17/ord_dataset-172039a759a440219a68af62d203b79b.parquet,https://github.com/open-reaction-database/ord-data/blob/83f971f586f6ad18f358ae4ae99d045e94ed2066/data/17/ord_dataset-172039a759a440219a68af62d203b79b.parquet,83f971f586f6ad18f358ae4ae99d045e94ed2066,e32594d22839eaae4554642845e4e9dfc6abcf4bcecece6b26f4be64ce3bf39c,e32594d22839eaae4554642845e4e9dfc6abcf4bcecece6b26f4be64ce3bf39c,21417,104,CC-BY-SA-4.0,verified
ord_dataset-1d3a1a6fb70d46c084602d0688967afc,ord_dataset-1d3a1a6fb70d46c084602d0688967afc,data/1d/ord_dataset-1d3a1a6fb70d46c084602d0688967afc.parquet,https://github.com/open-reaction-database/ord-data/blob/83f971f586f6ad18f358ae4ae99d045e94ed2066/data/1d/ord_dataset-1d3a1a6fb70d46c084602d0688967afc.parquet,83f971f586f6ad18f358ae4ae99d045e94ed2066,9351ed4883b04c23505e6a1e8a3e216f90b7b79fd1ca72fd18f33c33a94e71b2,9351ed4883b04c23505e6a1e8a3e216f90b7b79fd1ca72fd18f33c33a94e71b2,11740,96,CC-BY-SA-4.0,verified
ord_dataset-1ec2807f02fa4beda27d2a81b86eb843,ord_dataset-1ec2807f02fa4beda27d2a81b86eb843,data/1e/ord_dataset-1ec2807f02fa4beda27d2a81b86eb843.parquet,https://github.com/open-reaction-database/ord-data/blob/83f971f586f6ad18f358ae4ae99d045e94ed2066/data/1e/ord_dataset-1ec2807f02fa4beda27d2a81b86eb843.parquet,83f971f586f6ad18f358ae4ae99d045e94ed2066,b1fd81bb3034644117b7d07e0471ede7370597bb4bd2433dd4b5c20bf02fad99,b1fd81bb3034644117b7d07e0471ede7370597bb4bd2433dd4b5c20bf02fad99,99755,1227,CC-BY-SA-4.0,verified
ord_dataset-2038a3c967db4a32a8fbce288437e929,ord_dataset-2038a3c967db4a32a8fbce288437e929,data/20/ord_dataset-2038a3c967db4a32a8fbce288437e929.parquet,https://github.com/open-reaction-database/ord-data/blob/83f971f586f6ad18f358ae4ae99d045e94ed2066/data/20/ord_dataset-2038a3c967db4a32a8fbce288437e929.parquet,83f971f586f6ad18f358ae4ae99d045e94ed2066,52dd1e2d44ff052592a9f78bd5c9aac454ad90ab7a7f2f9795c4e742f89644d3,52dd1e2d44ff052592a9f78bd5c9aac454ad90ab7a7f2f9795c4e742f89644d3,17627,96,CC-BY-SA-4.0,verified
ord_dataset-2be11f57f3304e678ea8469baf6dd1bc,ord_dataset-2be11f57f3304e678ea8469baf6dd1bc,data/2b/ord_dataset-2be11f57f3304e678ea8469baf6dd1bc.parquet,https://github.com/open-reaction-database/ord-data/blob/83f971f586f6ad18f358ae4ae99d045e94ed2066/data/2b/ord_dataset-2be11f57f3304e678ea8469baf6dd1bc.parquet,83f971f586f6ad18f358ae4ae99d045e94ed2066,c7d17ab4af3551a4b2883c6e18c1f3a49b6c19d30d37fad762802aeeb275d948,c7d17ab4af3551a4b2883c6e18c1f3a49b6c19d30d37fad762802aeeb275d948,112943,1152,CC-BY-SA-4.0,verified
ord_dataset-2be30f5d8dcd471aa6ad410bdee05902,ord_dataset-2be30f5d8dcd471aa6ad410bdee05902,data/2b/ord_dataset-2be30f5d8dcd471aa6ad410bdee05902.parquet,https://github.com/open-reaction-database/ord-data/blob/83f971f586f6ad18f358ae4ae99d045e94ed2066/data/2b/ord_dataset-2be30f5d8dcd471aa6ad410bdee05902.parquet,83f971f586f6ad18f358ae4ae99d045e94ed2066,6846bf47bd0d9652d1164f1dbc65cf730502e117131778499b8a10a98ef828b7,6846bf47bd0d9652d1164f1dbc65cf730502e117131778499b8a10a98ef828b7,17947,97,CC-BY-SA-4.0,verified
ord_dataset-31989f1b2b9d4885b1dd2d9982da4517,ord_dataset-31989f1b2b9d4885b1dd2d9982da4517,data/31/ord_dataset-31989f1b2b9d4885b1dd2d9982da4517.parquet,https://github.com/open-reaction-database/ord-data/blob/83f971f586f6ad18f358ae4ae99d045e94ed2066/data/31/ord_dataset-31989f1b2b9d4885b1dd2d9982da4517.parquet,83f971f586f6ad18f358ae4ae99d045e94ed2066,60f4f1bf9fd81166ce59e3ad8915310b0af5bca13956cab3b331748c1d3194dd,60f4f1bf9fd81166ce59e3ad8915310b0af5bca13956cab3b331748c1d3194dd,17258,96,CC-BY-SA-4.0,verified
ord_dataset-35a5a513f1dd44a3a97c88da99f81a00,ord_dataset-35a5a513f1dd44a3a97c88da99f81a00,data/35/ord_dataset-35a5a513f1dd44a3a97c88da99f81a00.parquet,https://github.com/open-reaction-database/ord-data/blob/83f971f586f6ad18f358ae4ae99d045e94ed2066/data/35/ord_dataset-35a5a513f1dd44a3a97c88da99f81a00.parquet,83f971f586f6ad18f358ae4ae99d045e94ed2066,59f2cdd054631bde7354e21fc7080f0b80ebf2b5379f8ccd78b2df79d86b25d8,59f2cdd054631bde7354e21fc7080f0b80ebf2b5379f8ccd78b2df79d86b25d8,19743,7,CC-BY-SA-4.0,verified
ord_dataset-3b5db90e337942ea886b8f5bc5e3aa72,ord_dataset-3b5db90e337942ea886b8f5bc5e3aa72,data/3b/ord_dataset-3b5db90e337942ea886b8f5bc5e3aa72.parquet,https://github.com/open-reaction-database/ord-data/blob/83f971f586f6ad18f358ae4ae99d045e94ed2066/data/3b/ord_dataset-3b5db90e337942ea886b8f5bc5e3aa72.parquet,83f971f586f6ad18f358ae4ae99d045e94ed2066,fce2d70c28db7100b3ca5c3f298484daf4c4043c11a18da066db16ad2e36012c,fce2d70c28db7100b3ca5c3f298484daf4c4043c11a18da066db16ad2e36012c,43118,450,CC-BY-SA-4.0,verified
ord_dataset-3b8a2ef300e145468579027f206a3ac8,ord_dataset-3b8a2ef300e145468579027f206a3ac8,data/3b/ord_dataset-3b8a2ef300e145468579027f206a3ac8.parquet,https://github.com/open-reaction-database/ord-data/blob/83f971f586f6ad18f358ae4ae99d045e94ed2066/data/3b/ord_dataset-3b8a2ef300e145468579027f206a3ac8.parquet,83f971f586f6ad18f358ae4ae99d045e94ed2066,f8438f4490541ecd38d92208decc48ff33424d52772cc42701b7eb886fc14b8a,f8438f4490541ecd38d92208decc48ff33424d52772cc42701b7eb886fc14b8a,184557,1440,CC-BY-SA-4.0,verified
ord_dataset-46ff9a32d9e04016b9380b1b1ef949c3,ord_dataset-46ff9a32d9e04016b9380b1b1ef949c3,data/46/ord_dataset-46ff9a32d9e04016b9380b1b1ef949c3.parquet,https://github.com/open-reaction-database/ord-data/blob/83f971f586f6ad18f358ae4ae99d045e94ed2066/data/46/ord_dataset-46ff9a32d9e04016b9380b1b1ef949c3.parquet,83f971f586f6ad18f358ae4ae99d045e94ed2066,39440ea3e5442dddbb4daccbc48fb53940724085327c0e3b82909e1fd8cc661a,39440ea3e5442dddbb4daccbc48fb53940724085327c0e3b82909e1fd8cc661a,395126,4312,CC-BY-SA-4.0,verified
ord_dataset-47eaacc46c3a4487bbdf99adb1a15e41,ord_dataset-47eaacc46c3a4487bbdf99adb1a15e41,data/47/ord_dataset-47eaacc46c3a4487bbdf99adb1a15e41.parquet,https://github.com/open-reaction-database/ord-data/blob/83f971f586f6ad18f358ae4ae99d045e94ed2066/data/47/ord_dataset-47eaacc46c3a4487bbdf99adb1a15e41.parquet,83f971f586f6ad18f358ae4ae99d045e94ed2066,7e09c98aa540e15d44959f03028590278bf508650950778568fd264d3a7535c4,7e09c98aa540e15d44959f03028590278bf508650950778568fd264d3a7535c4,8261981,47015,CC-BY-SA-4.0,verified
ord_dataset-488402f6ec0d441ca2f7d6fabea7c220,ord_dataset-488402f6ec0d441ca2f7d6fabea7c220,data/48/ord_dataset-488402f6ec0d441ca2f7d6fabea7c220.parquet,https://github.com/open-reaction-database/ord-data/blob/83f971f586f6ad18f358ae4ae99d045e94ed2066/data/48/ord_dataset-488402f6ec0d441ca2f7d6fabea7c220.parquet,83f971f586f6ad18f358ae4ae99d045e94ed2066,d1b658a9ed389f226baa003488c226fbd00dc35c44fc8e5029ef74b030928788,d1b658a9ed389f226baa003488c226fbd00dc35c44fc8e5029ef74b030928788,10249187,40000,CC-BY-SA-4.0,verified
ord_dataset-4d431564f3ef4e9c91d8da5836f4eae6,ord_dataset-4d431564f3ef4e9c91d8da5836f4eae6,data/4d/ord_dataset-4d431564f3ef4e9c91d8da5836f4eae6.parquet,https://github.com/open-reaction-database/ord-data/blob/83f971f586f6ad18f358ae4ae99d045e94ed2066/data/4d/ord_dataset-4d431564f3ef4e9c91d8da5836f4eae6.parquet,83f971f586f6ad18f358ae4ae99d045e94ed2066,be51ac3256a9f6793893bd59878f44f223f50ad530a1f71da0c408abf36ef70a,be51ac3256a9f6793893bd59878f44f223f50ad530a1f71da0c408abf36ef70a,17114,90,CC-BY-SA-4.0,verified
ord_dataset-52bd3b0ec72c443aab113bcea09bf3f4,ord_dataset-52bd3b0ec72c443aab113bcea09bf3f4,data/52/ord_dataset-52bd3b0ec72c443aab113bcea09bf3f4.parquet,https://github.com/open-reaction-database/ord-data/blob/83f971f586f6ad18f358ae4ae99d045e94ed2066/data/52/ord_dataset-52bd3b0ec72c443aab113bcea09bf3f4.parquet,83f971f586f6ad18f358ae4ae99d045e94ed2066,e3bf70610705d361b92b40c09ceaffff3d4f66002e958e5ea9c47bba9095297a,e3bf70610705d361b92b40c09ceaffff3d4f66002e958e5ea9c47bba9095297a,10583,96,CC-BY-SA-4.0,verified
ord_dataset-5415f83da68e4797856ddd330dda5c61,ord_dataset-5415f83da68e4797856ddd330dda5c61,data/54/ord_dataset-5415f83da68e4797856ddd330dda5c61.parquet,https://github.com/open-reaction-database/ord-data/blob/83f971f586f6ad18f358ae4ae99d045e94ed2066/data/54/ord_dataset-5415f83da68e4797856ddd330dda5c61.parquet,83f971f586f6ad18f358ae4ae99d045e94ed2066,a186a7a7264e94fd958787a5a6a9d810e9c9c00608f1c6e136416098c39a2165,a186a7a7264e94fd958787a5a6a9d810e9c9c00608f1c6e136416098c39a2165,25251,48,CC-BY-SA-4.0,verified
ord_dataset-5481550056a14935b76e031fb94b88be,ord_dataset-5481550056a14935b76e031fb94b88be,data/54/ord_dataset-5481550056a14935b76e031fb94b88be.parquet,https://github.com/open-reaction-database/ord-data/blob/83f971f586f6ad18f358ae4ae99d045e94ed2066/data/54/ord_dataset-5481550056a14935b76e031fb94b88be.parquet,83f971f586f6ad18f358ae4ae99d045e94ed2066,48508c30931b04b4fe2e3bee55b84c83d10f57578c1ed5ccddbfb81875575702,48508c30931b04b4fe2e3bee55b84c83d10f57578c1ed5ccddbfb81875575702,7666127,30000,CC-BY-SA-4.0,verified
ord_dataset-5540e162c09f4c04905ddc8ba9c931c6,ord_dataset-5540e162c09f4c04905ddc8ba9c931c6,data/55/ord_dataset-5540e162c09f4c04905ddc8ba9c931c6.parquet,https://github.com/open-reaction-database/ord-data/blob/83f971f586f6ad18f358ae4ae99d045e94ed2066/data/55/ord_dataset-5540e162c09f4c04905ddc8ba9c931c6.parquet,83f971f586f6ad18f358ae4ae99d045e94ed2066,7e44b014c9041d86e00bc4fb4b70b3c6b3b94c0e35634467ace02c330efcd1a4,7e44b014c9041d86e00bc4fb4b70b3c6b3b94c0e35634467ace02c330efcd1a4,13289,3,CC-BY-SA-4.0,verified
ord_dataset-55de08a995554f558c25fc43eac62359,ord_dataset-55de08a995554f558c25fc43eac62359,data/55/ord_dataset-55de08a995554f558c25fc43eac62359.parquet,https://github.com/open-reaction-database/ord-data/blob/83f971f586f6ad18f358ae4ae99d045e94ed2066/data/55/ord_dataset-55de08a995554f558c25fc43eac62359.parquet,83f971f586f6ad18f358ae4ae99d045e94ed2066,9e4c3fefafe68d6cb43d5a39b8c441f440ce0c4626abbbe695c922089557b0f7,9e4c3fefafe68d6cb43d5a39b8c441f440ce0c4626abbbe695c922089557b0f7,11719,48,CC-BY-SA-4.0,verified
ord_dataset-5c9a10329a8a48968d18879a48bb8ab2,ord_dataset-5c9a10329a8a48968d18879a48bb8ab2,data/5c/ord_dataset-5c9a10329a8a48968d18879a48bb8ab2.parquet,https://github.com/open-reaction-database/ord-data/blob/83f971f586f6ad18f358ae4ae99d045e94ed2066/data/5c/ord_dataset-5c9a10329a8a48968d18879a48bb8ab2.parquet,83f971f586f6ad18f358ae4ae99d045e94ed2066,a2ea1363cb895b590ae765e918f98f90d243d6caba763ed74543ae62e503b0b0,a2ea1363cb895b590ae765e918f98f90d243d6caba763ed74543ae62e503b0b0,712770,9632,CC-BY-SA-4.0,verified
ord_dataset-5e8318f0dda04b398c14f4c3adfeb32c,ord_dataset-5e8318f0dda04b398c14f4c3adfeb32c,data/5e/ord_dataset-5e8318f0dda04b398c14f4c3adfeb32c.parquet,https://github.com/open-reaction-database/ord-data/blob/83f971f586f6ad18f358ae4ae99d045e94ed2066/data/5e/ord_dataset-5e8318f0dda04b398c14f4c3adfeb32c.parquet,83f971f586f6ad18f358ae4ae99d045e94ed2066,94de6b8e87229d5db4fe8c17212afa2d3563478ca32aee934cc449559cab0bca,94de6b8e87229d5db4fe8c17212afa2d3563478ca32aee934cc449559cab0bca,8027,24,CC-BY-SA-4.0,verified
ord_dataset-5eb7f2689f4a42eba63ad9e37e49a5cd,ord_dataset-5eb7f2689f4a42eba63ad9e37e49a5cd,data/5e/ord_dataset-5eb7f2689f4a42eba63ad9e37e49a5cd.parquet,https://github.com/open-reaction-database/ord-data/blob/83f971f586f6ad18f358ae4ae99d045e94ed2066/data/5e/ord_dataset-5eb7f2689f4a42eba63ad9e37e49a5cd.parquet,83f971f586f6ad18f358ae4ae99d045e94ed2066,2f478e163ab9f9ee2f001172fc9f0c33b0a65ec2dc787c12298f6e85bc86f7a6,2f478e163ab9f9ee2f001172fc9f0c33b0a65ec2dc787c12298f6e85bc86f7a6,11134,39,CC-BY-SA-4.0,verified
ord_dataset-675eddcaa6674ce3ae61e79bbc1e1c08,ord_dataset-675eddcaa6674ce3ae61e79bbc1e1c08,data/67/ord_dataset-675eddcaa6674ce3ae61e79bbc1e1c08.parquet,https://github.com/open-reaction-database/ord-data/blob/83f971f586f6ad18f358ae4ae99d045e94ed2066/data/67/ord_dataset-675eddcaa6674ce3ae61e79bbc1e1c08.parquet,83f971f586f6ad18f358ae4ae99d045e94ed2066,1ecc5469785e55997f244eb5f8d6dbc78029cbb233bd6a140b5f02d5d01860a1,1ecc5469785e55997f244eb5f8d6dbc78029cbb233bd6a140b5f02d5d01860a1,114800,1536,CC-BY-SA-4.0,verified
ord_dataset-68cb8b4b2b384e3d85b5b1efae58b203,ord_dataset-68cb8b4b2b384e3d85b5b1efae58b203,data/68/ord_dataset-68cb8b4b2b384e3d85b5b1efae58b203.parquet,https://github.com/open-reaction-database/ord-data/blob/83f971f586f6ad18f358ae4ae99d045e94ed2066/data/68/ord_dataset-68cb8b4b2b384e3d85b5b1efae58b203.parquet,83f971f586f6ad18f358ae4ae99d045e94ed2066,36cea7705307a5e359a176ed3862994e3edc60ae4363fc2f3c5862affff6bb21,36cea7705307a5e359a176ed3862994e3edc60ae4363fc2f3c5862affff6bb21,419710,5760,CC-BY-SA-4.0,verified
ord_dataset-6a0bfcdf53a64c07987822162ae591e2,ord_dataset-6a0bfcdf53a64c07987822162ae591e2,data/6a/ord_dataset-6a0bfcdf53a64c07987822162ae591e2.parquet,https://github.com/open-reaction-database/ord-data/blob/83f971f586f6ad18f358ae4ae99d045e94ed2066/data/6a/ord_dataset-6a0bfcdf53a64c07987822162ae591e2.parquet,83f971f586f6ad18f358ae4ae99d045e94ed2066,f970251d44ad75b68c8f6b8f3f28ff97f540fb7967d3bbc9b7338a7d7290ed3a,f970251d44ad75b68c8f6b8f3f28ff97f540fb7967d3bbc9b7338a7d7290ed3a,16175,3,CC-BY-SA-4.0,verified
ord_dataset-7acd6ad2bf4d4cff841cad008ab726d5,ord_dataset-7acd6ad2bf4d4cff841cad008ab726d5,data/7a/ord_dataset-7acd6ad2bf4d4cff841cad008ab726d5.parquet,https://github.com/open-reaction-database/ord-data/blob/83f971f586f6ad18f358ae4ae99d045e94ed2066/data/7a/ord_dataset-7acd6ad2bf4d4cff841cad008ab726d5.parquet,83f971f586f6ad18f358ae4ae99d045e94ed2066,b6dfe8e151a396c5332668c015bce764d23c667240e443495990205c66e4a1e5,b6dfe8e151a396c5332668c015bce764d23c667240e443495990205c66e4a1e5,72692,960,CC-BY-SA-4.0,verified
ord_dataset-7d8f5fd922d4497d91cb81489b052746,ord_dataset-7d8f5fd922d4497d91cb81489b052746,data/7d/ord_dataset-7d8f5fd922d4497d91cb81489b052746.parquet,https://github.com/open-reaction-database/ord-data/blob/83f971f586f6ad18f358ae4ae99d045e94ed2066/data/7d/ord_dataset-7d8f5fd922d4497d91cb81489b052746.parquet,83f971f586f6ad18f358ae4ae99d045e94ed2066,3d657d1eda5703b58b627565894890269b50b18e987709e70fd7968d83e59101,3d657d1eda5703b58b627565894890269b50b18e987709e70fd7968d83e59101,194483,1536,CC-BY-SA-4.0,verified
ord_dataset-805ad863feef48579d95d86a728035f4,ord_dataset-805ad863feef48579d95d86a728035f4,data/80/ord_dataset-805ad863feef48579d95d86a728035f4.parquet,https://github.com/open-reaction-database/ord-data/blob/83f971f586f6ad18f358ae4ae99d045e94ed2066/data/80/ord_dataset-805ad863feef48579d95d86a728035f4.parquet,83f971f586f6ad18f358ae4ae99d045e94ed2066,31b7c4762145e5dad973050373cd967bdd85caf3a9858767c83a17fed6c4af36,31b7c4762145e5dad973050373cd967bdd85caf3a9858767c83a17fed6c4af36,5088296,50688,CC-BY-SA-4.0,verified
ord_dataset-89b083710e2d441aa0040c361d63359f,ord_dataset-89b083710e2d441aa0040c361d63359f,data/89/ord_dataset-89b083710e2d441aa0040c361d63359f.parquet,https://github.com/open-reaction-database/ord-data/blob/83f971f586f6ad18f358ae4ae99d045e94ed2066/data/89/ord_dataset-89b083710e2d441aa0040c361d63359f.parquet,83f971f586f6ad18f358ae4ae99d045e94ed2066,9a5cbdae282df3da7249e7525b7ecb739e4892061abe1f66e62c3fd69736ad72,9a5cbdae282df3da7249e7525b7ecb739e4892061abe1f66e62c3fd69736ad72,21940,24,CC-BY-SA-4.0,verified
ord_dataset-8d1e28ec1f6b4ee8ad372e0b5ed7a62e,ord_dataset-8d1e28ec1f6b4ee8ad372e0b5ed7a62e,data/8d/ord_dataset-8d1e28ec1f6b4ee8ad372e0b5ed7a62e.parquet,https://github.com/open-reaction-database/ord-data/blob/83f971f586f6ad18f358ae4ae99d045e94ed2066/data/8d/ord_dataset-8d1e28ec1f6b4ee8ad372e0b5ed7a62e.parquet,83f971f586f6ad18f358ae4ae99d045e94ed2066,e4f7505229e29321b5615f32ec2edcf45c9bc531bee2810d2a8985319b7ee127,e4f7505229e29321b5615f32ec2edcf45c9bc531bee2810d2a8985319b7ee127,20904,27,CC-BY-SA-4.0,verified
ord_dataset-99c23cf435dc42f1af884053bc8b11c7,ord_dataset-99c23cf435dc42f1af884053bc8b11c7,data/99/ord_dataset-99c23cf435dc42f1af884053bc8b11c7.parquet,https://github.com/open-reaction-database/ord-data/blob/83f971f586f6ad18f358ae4ae99d045e94ed2066/data/99/ord_dataset-99c23cf435dc42f1af884053bc8b11c7.parquet,83f971f586f6ad18f358ae4ae99d045e94ed2066,e01a389cac3e6cce5746ef54dbe6b8d3040d764f987b1fc13790f5aeff5598fa,e01a389cac3e6cce5746ef54dbe6b8d3040d764f987b1fc13790f5aeff5598fa,210626,1111,CC-BY-SA-4.0,verified
ord_dataset-9b8aa9a7835143ef8ce3f70abfab7545,ord_dataset-9b8aa9a7835143ef8ce3f70abfab7545,data/9b/ord_dataset-9b8aa9a7835143ef8ce3f70abfab7545.parquet,https://github.com/open-reaction-database/ord-data/blob/83f971f586f6ad18f358ae4ae99d045e94ed2066/data/9b/ord_dataset-9b8aa9a7835143ef8ce3f70abfab7545.parquet,83f971f586f6ad18f358ae4ae99d045e94ed2066,195765643b4aaad79d9ed82de6737a4855b9f2716e0bc0aa10cff950b7604d39,195765643b4aaad79d9ed82de6737a4855b9f2716e0bc0aa10cff950b7604d39,126909,1762,CC-BY-SA-4.0,verified
ord_dataset-a12fa15d036d489c971b0b514caeae52,ord_dataset-a12fa15d036d489c971b0b514caeae52,data/a1/ord_dataset-a12fa15d036d489c971b0b514caeae52.parquet,https://github.com/open-reaction-database/ord-data/blob/83f971f586f6ad18f358ae4ae99d045e94ed2066/data/a1/ord_dataset-a12fa15d036d489c971b0b514caeae52.parquet,83f971f586f6ad18f358ae4ae99d045e94ed2066,ea52ef52e2ecf3eb33d74ca3ffac14ef539357551d252fbc706e95f60c94fca6,ea52ef52e2ecf3eb33d74ca3ffac14ef539357551d252fbc706e95f60c94fca6,39322,288,CC-BY-SA-4.0,verified
ord_dataset-ac78456835404910b3a4c840248b6ac9,ord_dataset-ac78456835404910b3a4c840248b6ac9,data/ac/ord_dataset-ac78456835404910b3a4c840248b6ac9.parquet,https://github.com/open-reaction-database/ord-data/blob/83f971f586f6ad18f358ae4ae99d045e94ed2066/data/ac/ord_dataset-ac78456835404910b3a4c840248b6ac9.parquet,83f971f586f6ad18f358ae4ae99d045e94ed2066,52a9d0084abc051a792bfb71501af03ec13bdabc24a7db4e33b7223ddf8c884c,52a9d0084abc051a792bfb71501af03ec13bdabc24a7db4e33b7223ddf8c884c,126388,1728,CC-BY-SA-4.0,verified
ord_dataset-b440f8c90b6343189093770060fc4098,ord_dataset-b440f8c90b6343189093770060fc4098,data/b4/ord_dataset-b440f8c90b6343189093770060fc4098.parquet,https://github.com/open-reaction-database/ord-data/blob/83f971f586f6ad18f358ae4ae99d045e94ed2066/data/b4/ord_dataset-b440f8c90b6343189093770060fc4098.parquet,83f971f586f6ad18f358ae4ae99d045e94ed2066,d289e2e9fbb77df61faadeb65cfadfbee0216b05a7d209b3ae3b3aca04a9993a,d289e2e9fbb77df61faadeb65cfadfbee0216b05a7d209b3ae3b3aca04a9993a,111495,1152,CC-BY-SA-4.0,verified
ord_dataset-bc349c19b4384756a2aee8aa525b6c2a,ord_dataset-bc349c19b4384756a2aee8aa525b6c2a,data/bc/ord_dataset-bc349c19b4384756a2aee8aa525b6c2a.parquet,https://github.com/open-reaction-database/ord-data/blob/83f971f586f6ad18f358ae4ae99d045e94ed2066/data/bc/ord_dataset-bc349c19b4384756a2aee8aa525b6c2a.parquet,83f971f586f6ad18f358ae4ae99d045e94ed2066,d4dbdaba59ac728696dea5bc0cafed5c5ab3236cc37da6e29b73e8a792f3b4a3,d4dbdaba59ac728696dea5bc0cafed5c5ab3236cc37da6e29b73e8a792f3b4a3,17150,96,CC-BY-SA-4.0,verified
ord_dataset-c5b00523487a4211a194160edf45e9ab,ord_dataset-c5b00523487a4211a194160edf45e9ab,data/c5/ord_dataset-c5b00523487a4211a194160edf45e9ab.parquet,https://github.com/open-reaction-database/ord-data/blob/83f971f586f6ad18f358ae4ae99d045e94ed2066/data/c5/ord_dataset-c5b00523487a4211a194160edf45e9ab.parquet,83f971f586f6ad18f358ae4ae99d045e94ed2066,73c04ce2acaf6cf2b6b3ecda8c623d2a321435f1f5830aedb0a0f1afd562bdc4,73c04ce2acaf6cf2b6b3ecda8c623d2a321435f1f5830aedb0a0f1afd562bdc4,179304,1430,CC-BY-SA-4.0,verified
ord_dataset-c703268ea43a4c7e802c6048b6166b34,ord_dataset-c703268ea43a4c7e802c6048b6166b34,data/c7/ord_dataset-c703268ea43a4c7e802c6048b6166b34.parquet,https://github.com/open-reaction-database/ord-data/blob/83f971f586f6ad18f358ae4ae99d045e94ed2066/data/c7/ord_dataset-c703268ea43a4c7e802c6048b6166b34.parquet,83f971f586f6ad18f358ae4ae99d045e94ed2066,159472bff84a548cb2def33ae92ff36c27139271372e38e70bba8eea152760d3,159472bff84a548cb2def33ae92ff36c27139271372e38e70bba8eea152760d3,16939,120,CC-BY-SA-4.0,verified
ord_dataset-cbcc4048add7468e850b6ec42549c70d,ord_dataset-cbcc4048add7468e850b6ec42549c70d,data/cb/ord_dataset-cbcc4048add7468e850b6ec42549c70d.parquet,https://github.com/open-reaction-database/ord-data/blob/83f971f586f6ad18f358ae4ae99d045e94ed2066/data/cb/ord_dataset-cbcc4048add7468e850b6ec42549c70d.parquet,83f971f586f6ad18f358ae4ae99d045e94ed2066,fd62fb8331a5d2d68337882bd711d04f085b6beec7ef1283945f7f72a8cefb81,fd62fb8331a5d2d68337882bd711d04f085b6beec7ef1283945f7f72a8cefb81,30311,288,CC-BY-SA-4.0,verified
ord_dataset-ce5045aceb214cfc8bfd0ef3031e2737,ord_dataset-ce5045aceb214cfc8bfd0ef3031e2737,data/ce/ord_dataset-ce5045aceb214cfc8bfd0ef3031e2737.parquet,https://github.com/open-reaction-database/ord-data/blob/83f971f586f6ad18f358ae4ae99d045e94ed2066/data/ce/ord_dataset-ce5045aceb214cfc8bfd0ef3031e2737.parquet,83f971f586f6ad18f358ae4ae99d045e94ed2066,fba1e4a5d3f30708bb925e0d0b93d420c26b17707f45fceb34e579f5f624c772,fba1e4a5d3f30708bb925e0d0b93d420c26b17707f45fceb34e579f5f624c772,10361,96,CC-BY-SA-4.0,verified
ord_dataset-d26118acda314269becc35db5c22dc59,ord_dataset-d26118acda314269becc35db5c22dc59,data/d2/ord_dataset-d26118acda314269becc35db5c22dc59.parquet,https://github.com/open-reaction-database/ord-data/blob/83f971f586f6ad18f358ae4ae99d045e94ed2066/data/d2/ord_dataset-d26118acda314269becc35db5c22dc59.parquet,83f971f586f6ad18f358ae4ae99d045e94ed2066,0a600968a24eff0a440e30685b2cb7b62030693605574105eb57b7f07329700b,0a600968a24eff0a440e30685b2cb7b62030693605574105eb57b7f07329700b,130893,1728,CC-BY-SA-4.0,verified
ord_dataset-d319c2a22ecf4ce59db1a18ae71d529c,ord_dataset-d319c2a22ecf4ce59db1a18ae71d529c,data/d3/ord_dataset-d319c2a22ecf4ce59db1a18ae71d529c.parquet,https://github.com/open-reaction-database/ord-data/blob/83f971f586f6ad18f358ae4ae99d045e94ed2066/data/d3/ord_dataset-d319c2a22ecf4ce59db1a18ae71d529c.parquet,83f971f586f6ad18f358ae4ae99d045e94ed2066,d8f8b29f790e168b7f44dcbdd2ca88829bdaea6be54a31369fd964cf9c01da82,d8f8b29f790e168b7f44dcbdd2ca88829bdaea6be54a31369fd964cf9c01da82,30188,264,CC-BY-SA-4.0,verified
ord_dataset-d92976309c3a48a3a64a4cf5e7048086,ord_dataset-d92976309c3a48a3a64a4cf5e7048086,data/d9/ord_dataset-d92976309c3a48a3a64a4cf5e7048086.parquet,https://github.com/open-reaction-database/ord-data/blob/83f971f586f6ad18f358ae4ae99d045e94ed2066/data/d9/ord_dataset-d92976309c3a48a3a64a4cf5e7048086.parquet,83f971f586f6ad18f358ae4ae99d045e94ed2066,78c17145099d29458960ffcb6cec7a8987efeae06b100004be2255ff28e54994,78c17145099d29458960ffcb6cec7a8987efeae06b100004be2255ff28e54994,3784674,39347,CC-BY-SA-4.0,verified
ord_dataset-dc0249930af34d17a3c76881a762aebf,ord_dataset-dc0249930af34d17a3c76881a762aebf,data/dc/ord_dataset-dc0249930af34d17a3c76881a762aebf.parquet,https://github.com/open-reaction-database/ord-data/blob/83f971f586f6ad18f358ae4ae99d045e94ed2066/data/dc/ord_dataset-dc0249930af34d17a3c76881a762aebf.parquet,83f971f586f6ad18f358ae4ae99d045e94ed2066,baaa0748a4a561705df275c3152a67ef52605a33249f674129f24c1abecfb2b9,baaa0748a4a561705df275c3152a67ef52605a33249f674129f24c1abecfb2b9,20160,136,CC-BY-SA-4.0,verified
ord_dataset-e7830cd6b11158b43994ccfb5ee9acb3,ord_dataset-e7830cd6b11158b43994ccfb5ee9acb3,data/e7/ord_dataset-e7830cd6b11158b43994ccfb5ee9acb3.parquet,https://github.com/open-reaction-database/ord-data/blob/83f971f586f6ad18f358ae4ae99d045e94ed2066/data/e7/ord_dataset-e7830cd6b11158b43994ccfb5ee9acb3.parquet,83f971f586f6ad18f358ae4ae99d045e94ed2066,428d777066426504896fc2a0352838caba173518056ce83b387d9701f67af08e,428d777066426504896fc2a0352838caba173518056ce83b387d9701f67af08e,104636029,409035,CC-BY-SA-4.0,verified
ord_dataset-eeba974d3c284aed86d1c1d442260a1e,ord_dataset-eeba974d3c284aed86d1c1d442260a1e,data/ee/ord_dataset-eeba974d3c284aed86d1c1d442260a1e.parquet,https://github.com/open-reaction-database/ord-data/blob/83f971f586f6ad18f358ae4ae99d045e94ed2066/data/ee/ord_dataset-eeba974d3c284aed86d1c1d442260a1e.parquet,83f971f586f6ad18f358ae4ae99d045e94ed2066,dbf6dae9521463c542fa8abccd2a078742c8052c0af11db842d200d94403fac6,dbf6dae9521463c542fa8abccd2a078742c8052c0af11db842d200d94403fac6,36161,376,CC-BY-SA-4.0,verified
ord_dataset-fc83743b978f4deea7d6856deacbfe53,ord_dataset-fc83743b978f4deea7d6856deacbfe53,data/fc/ord_dataset-fc83743b978f4deea7d6856deacbfe53.parquet,https://github.com/open-reaction-database/ord-data/blob/83f971f586f6ad18f358ae4ae99d045e94ed2066/data/fc/ord_dataset-fc83743b978f4deea7d6856deacbfe53.parquet,83f971f586f6ad18f358ae4ae99d045e94ed2066,14095b49acb35adf50d1ff065d7b9d2ccf01d37f57ccaebbb6ce8eddfd11f484,14095b49acb35adf50d1ff065d7b9d2ccf01d37f57ccaebbb6ce8eddfd11f484,12354,80,CC-BY-SA-4.0,verified
ord_dataset-feaf1b793c6d408aaec1cac7cc3ceadc,ord_dataset-feaf1b793c6d408aaec1cac7cc3ceadc,data/fe/ord_dataset-feaf1b793c6d408aaec1cac7cc3ceadc.parquet,https://github.com/open-reaction-database/ord-data/blob/83f971f586f6ad18f358ae4ae99d045e94ed2066/data/fe/ord_dataset-feaf1b793c6d408aaec1cac7cc3ceadc.parquet,83f971f586f6ad18f358ae4ae99d045e94ed2066,ebefbe9aba687f182d4f068e94be0f7fd71d1189bdb2eff2aca6fedf4d522bf3,ebefbe9aba687f182d4f068e94be0f7fd71d1189bdb2eff2aca6fedf4d522bf3,37643,130,CC-BY-SA-4.0,verified
