target_id,target_slug,display_name_en,display_name_zh,aliases_json,logical_dataset_id,corpus_directory_slug,physical_dataset_ids_json,physical_source_files_json,label_column,label_type,label_unit,target_adapter,label_policy,included_count,excluded_count,source_count,audit_count,campaign,artifact_status,package_initial_status,package_target_status,readiness_status,status_reason,target_manifest_sha256,standardized_schema_sha256,semantic_name_status,naming_policy_version,planned_target_path
shields_yield_percent,shields-arylation-yield-percent,Shields Arylation Yield (%),Shields 芳基化产率（%）,"[""shields_yield_percent"", ""shields_yield_structure_v1"", ""yield_percent"", ""generic""]",lit_10_1038_s41586_021_03213_y,shields-bayesian-arylation,"[""ord_dataset-0c75d67751634f0594b24b9f498b77c2"", ""ord_dataset-d26118acda314269becc35db5c22dc59""]","[""data/0c/ord_dataset-0c75d67751634f0594b24b9f498b77c2.parquet"", ""data/d2/ord_dataset-d26118acda314269becc35db5c22dc59.parquet""]",yield_percent,reaction_yield_percent,percent yield as defined by the source measurement,generic,unique_structured_scalar_no_aggregation,1984,0,1984,1984,wave_a,generated,wave_a_active,wave_a_generated,active_generated_pending_release_validation,"Target files are generated from an active package, but release validation and downstream gates remain pending.",e3fd687a908449eaa715233f454401c6988a27f4fc55f1b9d693056f568845ca,01b7f6266eeae778f5e29e3eeef468cb67b7f8718d0ad72552cbf4f630a1ef52,approved_from_target_manifest,semantic-target-names-v1,datasets/model-ready/shields-arylation-yield-percent
cernak_member_2be11_conversion_percent,cernak-reductive-amination-conversion-percent,Cernak Reductive-Amination Conversion (%),Cernak 还原胺化转化率（%）,"[""cernak_member_2be11_conversion_percent"", ""cernak_member_2be11_conversion_structure_v1"", ""conversion_percent"", ""cernak_conversion""]",lit_10_1038_s44160_023_00351_1,cernak-miniaturized-diversity-reactions,"[""ord_dataset-2be11f57f3304e678ea8469baf6dd1bc""]","[""data/2b/ord_dataset-2be11f57f3304e678ea8469baf6dd1bc.parquet""]",conversion_percent,conversion_percent,percent conversion,cernak_conversion,unique_structured_scalar_no_aggregation,1152,0,1152,1152,wave_c,generated,wave_c_planned,wave_c_generated,generated_pending_campaign_evaluation,"Target files are generated; the package was initially planned rather than marked active, so campaign evaluation remains pending.",7952aceb17360a31f20285da8005fd390cc66025605f52fcfd253d980bba9d09,52c98e6b7842f6f49fcca84728de128dcf27863cbeed03c25bb50c606c4ac2a9,approved_from_target_manifest,semantic-target-names-v1,datasets/model-ready/cernak-reductive-amination-conversion-percent
cernak_member_3b8a2e_conversion_percent,cernak-suzuki-coupling-conversion-percent,Cernak Suzuki-Coupling Conversion (%),Cernak Suzuki 偶联转化率（%）,"[""cernak_member_3b8a2e_conversion_percent"", ""cernak_member_3b8a2e_conversion_structure_v1"", ""conversion_percent"", ""cernak_conversion""]",lit_10_1038_s44160_023_00351_1,cernak-miniaturized-diversity-reactions,"[""ord_dataset-3b8a2ef300e145468579027f206a3ac8""]","[""data/3b/ord_dataset-3b8a2ef300e145468579027f206a3ac8.parquet""]",conversion_percent,conversion_percent,percent conversion,cernak_conversion,unique_structured_scalar_no_aggregation,1320,120,1440,1440,wave_c,generated,wave_c_planned,wave_c_generated,generated_pending_campaign_evaluation,"Target files are generated; the package was initially planned rather than marked active, so campaign evaluation remains pending.",68c44428df64f1f617c78f1ff128f0b7fd61441d6736013e6eddabf1706c1040,9ea36bd8af548d3089666092af5a8eedd1cdddedc917ea3b0a3cb65712591372,approved_from_target_manifest,semantic-target-names-v1,datasets/model-ready/cernak-suzuki-coupling-conversion-percent
science_hte_diverse_nucleophile_relative_lc_area_ratio,science-hte-relative-lc-area-ratio,Science HTE Relative LC Area Ratio,Science 高通量相对 LC 面积比,"[""science_hte_diverse_nucleophile_relative_lc_area_ratio"", ""science_hte_diverse_nucleophile_relative_lc_area_ratio_structure_v1"", ""relative_product_lc_area_ratio"", ""science_hte_relative_lc_area_ratio""]",lit_10_1126_science_1259203,science-hte-palladium-cross-coupling,"[""ord_dataset-7d8f5fd922d4497d91cb81489b052746""]","[""data/7d/ord_dataset-7d8f5fd922d4497d91cb81489b052746.parquet""]",relative_product_lc_area_ratio,relative_lc_area_ratio,dimensionless ratio (product LC area / internal-standard LC area),science_hte_relative_lc_area_ratio,unique_structured_scalar_no_aggregation,1531,5,1536,1536,wave_d,generated,wave_d_blocked_partial,wave_d_generated_partial,partial_scope_generated,Generated target covers only its declared physical subset; it is not a complete logical-dataset benchmark.,afa527691c27adb966173e98bb33352640758898344e93361efdb6abf62ab1ea,dfd7876422cde7d9278c54b9a537d36e8007a5853c769445e4cbf7acb99f6365,approved_from_target_manifest,semantic-target-names-v1,datasets/model-ready/science-hte-relative-lc-area-ratio
catechol_product_2_yield_percent,flow-catechol-product-2-response-percent,Flow Catechol Product 2 HPLC Response (%),连续流儿茶酚产物 2 HPLC 响应（%）,"[""catechol_product_2_yield_percent"", ""catechol_product_2_research_full_v1"", ""product_2_yield_percent"", ""catechol_multitarget_v1""]",physical_1ec2807f02fa4beda27d2a81b86eb843,flow-catechol-rearrangement,"[""ord_dataset-1ec2807f02fa4beda27d2a81b86eb843""]","[""data/1e/ord_dataset-1ec2807f02fa4beda27d2a81b86eb843.parquet""]",product_2_yield_percent,hplc_response_percent,HPLC percentage response; not isolated yield,catechol_multitarget_v1,catechol_multitarget_v1:smiles_custom_name_hplc_yield,1227,0,1227,1227,wave_d_research_full_v1,generated,wave_d_blocked_domain,research_full_standardized_benchmark_blocked,research_only_benchmark_blocked,Generated research target lacks the required reliable run-group definition for batch benchmarking.,c11fbe2ee8a47a53e2ceb716a9c3fadbd8d728c11e39e635ea03a85f4c423885,58b5c8b23c33aa98fde3f26de8246df457cf8d45fa4bb1afe2536ca7079dc848,approved_from_target_manifest,semantic-target-names-v1,datasets/model-ready/flow-catechol-product-2-response-percent
catechol_product_3_yield_percent,flow-catechol-product-3-response-percent,Flow Catechol Product 3 HPLC Response (%),连续流儿茶酚产物 3 HPLC 响应（%）,"[""catechol_product_3_yield_percent"", ""catechol_product_3_research_full_v1"", ""product_3_yield_percent"", ""catechol_multitarget_v1""]",physical_1ec2807f02fa4beda27d2a81b86eb843,flow-catechol-rearrangement,"[""ord_dataset-1ec2807f02fa4beda27d2a81b86eb843""]","[""data/1e/ord_dataset-1ec2807f02fa4beda27d2a81b86eb843.parquet""]",product_3_yield_percent,hplc_response_percent,HPLC percentage response; not isolated yield,catechol_multitarget_v1,catechol_multitarget_v1:smiles_custom_name_hplc_yield,1227,0,1227,1227,wave_d_research_full_v1,generated,wave_d_blocked_domain,research_full_standardized_benchmark_blocked,research_only_benchmark_blocked,Generated research target lacks the required reliable run-group definition for batch benchmarking.,aa9c530d7b845b9172baa00c782c25181dc9bce0e7d84092a9c086e01bb5e453,bc0d609c64485e8119ff6efb3030eb9511a4ed086fdb916f1bb054a0c4cdab96,approved_from_target_manifest,semantic-target-names-v1,datasets/model-ready/flow-catechol-product-3-response-percent
catechol_total_product_yield_percent,flow-catechol-total-product-response-percent,Flow Catechol Total-Product HPLC Response (%),连续流儿茶酚总产物 HPLC 响应（%）,"[""catechol_total_product_yield_percent"", ""catechol_total_product_research_full_v1"", ""total_product_yield_percent"", ""catechol_multitarget_v1""]",physical_1ec2807f02fa4beda27d2a81b86eb843,flow-catechol-rearrangement,"[""ord_dataset-1ec2807f02fa4beda27d2a81b86eb843""]","[""data/1e/ord_dataset-1ec2807f02fa4beda27d2a81b86eb843.parquet""]",total_product_yield_percent,hplc_response_percent,HPLC percentage response; not isolated yield,catechol_multitarget_v1,catechol_multitarget_v1:smiles_custom_name_hplc_yield,1227,0,1227,1227,wave_d_research_full_v1,generated,wave_d_blocked_domain,research_full_standardized_benchmark_blocked,research_only_benchmark_blocked,Generated research target lacks the required reliable run-group definition for batch benchmarking.,361c34b10ec1d8d3d765a3ff807d66c9555785df20113eca2268c6da09f0993a,9a660083ccee989ff7c280505e72725aa5d03964090c70d6f31dba9f5e0a4bdc,approved_from_target_manifest,semantic-target-names-v1,datasets/model-ready/flow-catechol-total-product-response-percent
ahneman_yield_percent,ahneman-c-n-cross-coupling-yield-percent,Ahneman C-N Cross-Coupling Yield (%),Ahneman C-N 交叉偶联产率（%）,"[""ahneman_yield_percent"", ""ahneman_yield_structure_v1"", ""yield_percent"", ""generic""]",physical_46ff9a32d9e04016b9380b1b1ef949c3,ahneman-c-n-cross-coupling,"[""ord_dataset-46ff9a32d9e04016b9380b1b1ef949c3""]","[""data/46/ord_dataset-46ff9a32d9e04016b9380b1b1ef949c3.parquet""]",yield_percent,reaction_yield_percent,percent yield as defined by the source measurement,generic,unique_structured_scalar_no_aggregation,4312,0,4312,4312,wave_a,generated,wave_a_active,wave_a_generated,active_generated_pending_release_validation,"Target files are generated from an active package, but release validation and downstream gates remain pending.",4ef7cb6263a28e2e40f4106ce6260a29184768b55458e6e88f2724a4839db845,480b2573e565f5fc493a7d4dfb2bbd72e774309a39703f04cafaabf40cd6c943,approved_from_target_manifest,semantic-target-names-v1,datasets/model-ready/ahneman-c-n-cross-coupling-yield-percent
chan_lam_yield_percent,chan-lam-sulfonamide-coupling-yield-percent,Chan-Lam Sulfonamide-Coupling Yield (%),Chan-Lam 磺酰胺偶联产率（%）,"[""chan_lam_yield_percent"", ""chan_lam_yield_structure_v1"", ""yield_percent"", ""unique_desired_product""]",physical_5c9a10329a8a48968d18879a48bb8ab2,chan-lam-sulfonamide-boronic-acid-coupling,"[""ord_dataset-5c9a10329a8a48968d18879a48bb8ab2""]","[""data/5c/ord_dataset-5c9a10329a8a48968d18879a48bb8ab2.parquet""]",yield_percent,reaction_yield_percent,percent yield as defined by the source measurement,unique_desired_product,unique_structured_scalar_no_aggregation,9602,30,9632,9632,wave_b,generated,wave_b_planned,wave_b_generated,generated_pending_campaign_evaluation,"Target files are generated; the package was initially planned rather than marked active, so campaign evaluation remains pending.",edda22eaad09461fd3b354c96b72b6afe14accbdbae4e5d0e489bc6a2b232441,e6a61d75fdd4f867c6bd36c893e673c599b275849f19e1dc322b6f1926c43da0,approved_from_target_manifest,semantic-target-names-v1,datasets/model-ready/chan-lam-sulfonamide-coupling-yield-percent
suzuki_yield_percent,suzuki-miyaura-nanoscale-yield-percent,Suzuki-Miyaura Nanoscale Yield (%),Suzuki-Miyaura 纳米尺度产率（%）,"[""suzuki_yield_percent"", ""suzuki_yield_structure_v1"", ""yield_percent"", ""generic""]",physical_68cb8b4b2b384e3d85b5b1efae58b203,suzuki-miyaura-nanoscale-screen,"[""ord_dataset-68cb8b4b2b384e3d85b5b1efae58b203""]","[""data/68/ord_dataset-68cb8b4b2b384e3d85b5b1efae58b203.parquet""]",yield_percent,reaction_yield_percent,percent yield as defined by the source measurement,generic,unique_structured_scalar_no_aggregation,5760,0,5760,5760,wave_a,generated,wave_a_active,wave_a_generated,active_generated_pending_release_validation,"Target files are generated from an active package, but release validation and downstream gates remain pending.",6ce863cc232d5a85b0b8d32ab002ff156271a07dd384e19d40d9e9d335ab27d2,b7be306c738e568aa6e1009857737bf9dcc170ac016498e86afb12229a02ff4f,approved_from_target_manifest,semantic-target-names-v1,datasets/model-ready/suzuki-miyaura-nanoscale-yield-percent
c_n_yield_percent,cernak-ultra-hte-c-n-yield-percent,Cernak Ultra-HTE C-N Yield (%),Cernak 超高通量 C-N 产率（%）,"[""c_n_yield_percent"", ""c_n_yield_structure_v1"", ""yield_percent"", ""unique_desired_product""]",physical_805ad863feef48579d95d86a728035f4,cernak-ultra-hte-c-n-coupling,"[""ord_dataset-805ad863feef48579d95d86a728035f4""]","[""data/80/ord_dataset-805ad863feef48579d95d86a728035f4.parquet""]",yield_percent,reaction_yield_percent,percent yield as defined by the source measurement,unique_desired_product,unique_structured_scalar_no_aggregation,50668,20,50688,50688,wave_b,generated,wave_b_planned,wave_b_generated,generated_pending_campaign_evaluation,"Target files are generated; the package was initially planned rather than marked active, so campaign evaluation remains pending.",c41c1d5c868885fefbc83391cabe570fabcc78f3c3bc42b6be176b56823b99fa,dc0849c815516496dea3cbb3f3c357199e6b116a05e4266aa1d75e800110fbc0,approved_from_target_manifest,semantic-target-names-v1,datasets/model-ready/cernak-ultra-hte-c-n-yield-percent
roche_borylation_yield_percent,roche-borylation-yield-percent,Roche Borylation Yield (%),罗氏硼化产率（%）,"[""roche_borylation_yield_percent"", ""roche_borylation_yield_structure_v1"", ""yield_percent"", ""unique_desired_product""]",physical_99c23cf435dc42f1af884053bc8b11c7,roche-borylation-surf,"[""ord_dataset-99c23cf435dc42f1af884053bc8b11c7""]","[""data/99/ord_dataset-99c23cf435dc42f1af884053bc8b11c7.parquet""]",yield_percent,reaction_yield_percent,percent yield as defined by the source measurement,unique_desired_product,unique_structured_scalar_no_aggregation,890,221,1111,1111,wave_b,generated,wave_b_planned,wave_b_generated,generated_pending_campaign_evaluation,"Target files are generated; the package was initially planned rather than marked active, so campaign evaluation remains pending.",889757078019f419384982d873cb5795594ef3d7cab3fc4e191ad727a525ad42,de9a7f69cc77ccff4893cadc4b40cc0d333b8e78fa30a51dfb662a4a85769fd7,approved_from_target_manifest,semantic-target-names-v1,datasets/model-ready/roche-borylation-yield-percent
nicolit_yield_percent,nicolit-nickel-coupling-yield-percent,NiCOlit Nickel-Coupling Yield (%),NiCOlit 镍催化偶联产率（%）,"[""nicolit_yield_percent"", ""nicolit_yield_structure_v1"", ""yield_percent"", ""nicolit_reported_yield_float_percent""]",physical_9b8aa9a7835143ef8ce3f70abfab7545,nicolit-nickel-cross-couplings,"[""ord_dataset-9b8aa9a7835143ef8ce3f70abfab7545""]","[""data/9b/ord_dataset-9b8aa9a7835143ef8ce3f70abfab7545.parquet""]",yield_percent,reaction_yield_percent,percent yield as defined by the source measurement,nicolit_reported_yield_float_percent,unique_structured_scalar_no_aggregation,1669,93,1762,1762,wave_c,generated,wave_c_blocked_source,wave_c_generated,generated_with_source_caveat,Target artifact exists but source-measurement limitations remain recorded as a blocker for benchmark claims.,9bc1ff1f9dd8bf1d22cd99df399513af0a382b7505574d90f391e9e5617bc7ba,638b58bff19c3c9f9def449ad88282b8d098f67875af61b8fbc51fb193b63b5b,approved_from_target_manifest,semantic-target-names-v1,datasets/model-ready/nicolit-nickel-coupling-yield-percent
nano_yield_percent,nano-c-n-photochemistry-yield-percent,Nano C-N Photochemistry Yield (%),纳米 C-N 光化学产率（%）,"[""nano_yield_percent"", ""nano_yield_structure_v1"", ""yield_percent"", ""generic""]",physical_ac78456835404910b3a4c840248b6ac9,nano-c-n-photochemistry-informer,"[""ord_dataset-ac78456835404910b3a4c840248b6ac9""]","[""data/ac/ord_dataset-ac78456835404910b3a4c840248b6ac9.parquet""]",yield_percent,reaction_yield_percent,percent yield as defined by the source measurement,generic,unique_structured_scalar_no_aggregation,1728,0,1728,1728,wave_a,generated,wave_a_active,wave_a_generated,active_generated_pending_release_validation,"Target files are generated from an active package, but release validation and downstream gates remain pending.",3254e435999926efc70bcf548e66b39d303e3ebbaa549c68ef922717e465d075,07e38d3719447d57e1f3dfb37b5cb0098baa29efd357009f70a5323e86de7087,approved_from_target_manifest,semantic-target-names-v1,datasets/model-ready/nano-c-n-photochemistry-yield-percent
photodehalogenation_conversion_percent,photocatalytic-aryl-bromide-dehalogenation-conversion-percent,Photocatalytic Aryl-Bromide Dehalogenation Conversion (%),光催化芳基溴脱卤转化率（%）,"[""photodehalogenation_conversion_percent"", ""photodehalogenation_conversion_structure_v1"", ""conversion_percent"", ""generic""]",physical_b440f8c90b6343189093770060fc4098,photocatalytic-aryl-bromide-dehalogenation,"[""ord_dataset-b440f8c90b6343189093770060fc4098""]","[""data/b4/ord_dataset-b440f8c90b6343189093770060fc4098.parquet""]",conversion_percent,conversion_percent,percent conversion,generic,unique_structured_scalar_no_aggregation,1152,0,1152,1152,wave_a,generated,wave_a_active,wave_a_generated,active_generated_pending_release_validation,"Target files are generated from an active package, but release validation and downstream gates remain pending.",fb503dd8570712dc890bbbb6ef352e6c8bd07ffed6f44833174a1dc823bec490,701e39c8d386813caa498b191451173872a77eca2b8aa7d962a8aeb667593323,approved_from_target_manifest,semantic-target-names-v1,datasets/model-ready/photocatalytic-aryl-bromide-dehalogenation-conversion-percent
asymmetric_alkylation_ee_s_minus_r_percent,asymmetric-alkylation-ee-s-minus-r-percent,"Asymmetric Alkylation ee (S-R, %)",不对称烷基化 ee（S-R，%）,"[""asymmetric_alkylation_ee_s_minus_r_percent"", ""asymmetric_alkylation_ee_s_minus_r_v1"", ""ee_s_minus_r_percent"", ""signed_selectivity""]",physical_c5b00523487a4211a194160edf45e9ab,asymmetric-alkylation-chemical-space,"[""ord_dataset-c5b00523487a4211a194160edf45e9ab""]","[""data/c5/ord_dataset-c5b00523487a4211a194160edf45e9ab.parquet""]",ee_s_minus_r_percent,signed_enantiomeric_excess_s_minus_r_percent,"percentage points, S minus R",signed_selectivity,signed_selectivity_v1:s_config_imms_percentage,1430,0,1430,1430,wave_d,generated,wave_d_blocked_adapter,wave_d_generated,generated_adapter_blocked,Target artifact exists but the declared adapter/readiness gate remains blocked.,887684dfa3ec3bcca452aae2e1db9c4ae2e47acf36b50cf4754bd8f411c2257f,f362b5227d85a15afa5d25e17c8cb20e393e734ee024477d467379d2eb0e25f5,approved_from_target_manifest,semantic-target-names-v1,datasets/model-ready/asymmetric-alkylation-ee-s-minus-r-percent
pfizer_lcms_area_percent,pfizer-hte-lc-area-percent,Pfizer HTE LC Area (%),辉瑞高通量 LC 面积（%）,"[""pfizer_lcms_area_percent"", ""pfizer_lcms_v1"", ""lc_area_percent"", ""pfizer_lcms""]",physical_d92976309c3a48a3a64a4cf5e7048086,pfizer-hte-reaction-conditions,"[""ord_dataset-d92976309c3a48a3a64a4cf5e7048086""]","[""data/d9/ord_dataset-d92976309c3a48a3a64a4cf5e7048086.parquet""]",lc_area_percent,lc_uv_area_percent,LC/UV area percent; not isolated yield or conversion,pfizer_lcms,unique_structured_scalar_no_aggregation,39347,0,39347,39347,wave_c,generated,wave_c_planned,wave_c_generated,generated_pending_campaign_evaluation,"Target files are generated; the package was initially planned rather than marked active, so campaign evaluation remains pending.",01f0731a3adda3f3031834a4cdf27891acdeb6f660ddd310b250e7f3fac05900,03e62e5bee4e77e337451f7d6346d3bf6296039d9ec2dfa8967136f772dcf2fa,approved_from_target_manifest,semantic-target-names-v1,datasets/model-ready/pfizer-hte-lc-area-percent
chemrxiv_amide_yield_percent,chemrxiv-aniline-amidation-yield-percent,ChemRxiv Aniline-Amidation Yield (%),ChemRxiv 苯胺酰胺化产率（%）,"[""chemrxiv_amide_yield_percent"", ""chemrxiv_amide_yield_structure_v1"", ""yield_percent"", ""generic""]",upstream_chemrxiv_64c7e2e1658ec5f7e5808425,chemrxiv-imidazole-arylation-and-aniline-amidation,"[""ord_dataset-7acd6ad2bf4d4cff841cad008ab726d5""]","[""data/7a/ord_dataset-7acd6ad2bf4d4cff841cad008ab726d5.parquet""]",yield_percent,reaction_yield_percent,percent yield as defined by the source measurement,generic,unique_structured_scalar_no_aggregation,957,3,960,960,wave_a,generated,wave_a_active,wave_a_generated,active_generated_pending_release_validation,"Target files are generated from an active package, but release validation and downstream gates remain pending.",4c818d25beb24fed2b3f8d5b49f04b081b9066c03ca36a28cd3a49d51ef234c7,3df9ea65934570a4012966c9eb5bca742ea943bbcdf9fdc743e6b6e306b5af9e,approved_from_target_manifest,semantic-target-names-v1,datasets/model-ready/chemrxiv-aniline-amidation-yield-percent
chemrxiv_ch_arylation_yield_percent,chemrxiv-imidazole-c-h-arylation-yield-percent,ChemRxiv Imidazole C-H Arylation Yield (%),ChemRxiv 咪唑 C-H 芳基化产率（%）,"[""chemrxiv_ch_arylation_yield_percent"", ""chemrxiv_ch_arylation_yield_structure_v1"", ""yield_percent"", ""generic""]",upstream_chemrxiv_64c7e2e1658ec5f7e5808425,chemrxiv-imidazole-arylation-and-aniline-amidation,"[""ord_dataset-675eddcaa6674ce3ae61e79bbc1e1c08""]","[""data/67/ord_dataset-675eddcaa6674ce3ae61e79bbc1e1c08.parquet""]",yield_percent,reaction_yield_percent,percent yield as defined by the source measurement,generic,unique_structured_scalar_no_aggregation,1529,7,1536,1536,wave_a,generated,wave_a_active,wave_a_generated,active_generated_pending_release_validation,"Target files are generated from an active package, but release validation and downstream gates remain pending.",5386f4e9444d4822ab021763b892c115bb6cf2f51972c3dd9b704859c386def3,a27995892bdb21300f96b92705aa7807e6908c32e65dce289fc0d5791cb781b7,approved_from_target_manifest,semantic-target-names-v1,datasets/model-ready/chemrxiv-imidazole-c-h-arylation-yield-percent
