artifact_id,target_slug,target_id,role,artifact_path,size_bytes,sha256,artifact_class,disposition,license_id,redistribution_status,origin,source_artifact_ids_json
release-artifact-target-ahneman-c-n-cross-coupling-yield-percent-audit,ahneman-c-n-cross-coupling-yield-percent,ahneman_yield_percent,audit,datasets/model-ready/ahneman-c-n-cross-coupling-yield-percent/audit.jsonl,3922370,51a45a5858b8b5ea0f068388fd2d7af3ace39f76f685e0f10054e368dfb87215,model-ready,staged,CC-BY-SA-4.0,pending,step-13-model-ready-staging,"[""release-artifact-target-ahneman-c-n-cross-coupling-yield-percent""]"
release-artifact-target-ahneman-c-n-cross-coupling-yield-percent-checksums,ahneman-c-n-cross-coupling-yield-percent,ahneman_yield_percent,checksums,datasets/model-ready/ahneman-c-n-cross-coupling-yield-percent/checksums.csv,810,de8629db08b050631733543f3759b5ca3f652eef8bacf64af7ccf91869a10fe8,model-ready,staged,CC-BY-SA-4.0,pending,step-13-model-ready-staging,"[""release-artifact-target-ahneman-c-n-cross-coupling-yield-percent""]"
release-artifact-target-ahneman-c-n-cross-coupling-yield-percent-dataset,ahneman-c-n-cross-coupling-yield-percent,ahneman_yield_percent,dataset,datasets/model-ready/ahneman-c-n-cross-coupling-yield-percent/dataset.csv,1271230,6a912585bb987ab698e2502585e1927403c372e10d8e3bcf8ce26f93c4021acf,model-ready,staged,CC-BY-SA-4.0,pending,step-13-model-ready-staging,"[""release-artifact-target-ahneman-c-n-cross-coupling-yield-percent""]"
release-artifact-target-ahneman-c-n-cross-coupling-yield-percent-exclusions,ahneman-c-n-cross-coupling-yield-percent,ahneman_yield_percent,exclusions,datasets/model-ready/ahneman-c-n-cross-coupling-yield-percent/exclusions.csv,85,4db87054e05506fd5de5d774c6c8838094902ffa774d224d92780299eeee63a7,model-ready,staged,CC-BY-SA-4.0,pending,step-13-model-ready-staging,"[""release-artifact-target-ahneman-c-n-cross-coupling-yield-percent""]"
release-artifact-target-ahneman-c-n-cross-coupling-yield-percent-metadata,ahneman-c-n-cross-coupling-yield-percent,ahneman_yield_percent,metadata,datasets/model-ready/ahneman-c-n-cross-coupling-yield-percent/metadata.json,3019,abdbf9a2550426144cdb3841721e9e6682e08ba1b40ffc0e798232420f72d794,model-ready,staged,CC-BY-SA-4.0,pending,step-13-model-ready-staging,"[""release-artifact-target-ahneman-c-n-cross-coupling-yield-percent""]"
release-artifact-target-ahneman-c-n-cross-coupling-yield-percent-row-map,ahneman-c-n-cross-coupling-yield-percent,ahneman_yield_percent,row-map,datasets/model-ready/ahneman-c-n-cross-coupling-yield-percent/row-map.csv,868893,a1cecd6b5d68702d2153c35c0d6c184f8a72f7b73b486bbc48cc1b07c15e9504,model-ready,staged,CC-BY-SA-4.0,pending,step-13-model-ready-staging,"[""release-artifact-target-ahneman-c-n-cross-coupling-yield-percent""]"
release-artifact-target-ahneman-c-n-cross-coupling-yield-percent-schema,ahneman-c-n-cross-coupling-yield-percent,ahneman_yield_percent,schema,datasets/model-ready/ahneman-c-n-cross-coupling-yield-percent/schema.json,1722,480b2573e565f5fc493a7d4dfb2bbd72e774309a39703f04cafaabf40cd6c943,model-ready,staged,CC-BY-SA-4.0,pending,step-13-model-ready-staging,"[""release-artifact-target-ahneman-c-n-cross-coupling-yield-percent""]"
release-artifact-target-ahneman-c-n-cross-coupling-yield-percent-source-links,ahneman-c-n-cross-coupling-yield-percent,ahneman_yield_percent,source-links,datasets/model-ready/ahneman-c-n-cross-coupling-yield-percent/source-links.json,934,5515acdb9b16a877afd0dbd3d9365904165a3cb1cf2e596f372fbb6755dd06e1,model-ready,staged,CC-BY-SA-4.0,pending,step-13-model-ready-staging,"[""release-artifact-target-ahneman-c-n-cross-coupling-yield-percent""]"
release-artifact-target-ahneman-c-n-cross-coupling-yield-percent-target-build-provenance,ahneman-c-n-cross-coupling-yield-percent,ahneman_yield_percent,target-build-provenance,datasets/model-ready/ahneman-c-n-cross-coupling-yield-percent/target-build-provenance.json,973,8eee8b8684f76a5ff7fbbded3ea783523155f2bd7efa700fdad5e352eb2f87b2,model-ready,staged,CC-BY-SA-4.0,pending,step-13-model-ready-staging,"[""release-artifact-target-ahneman-c-n-cross-coupling-yield-percent""]"
release-artifact-target-ahneman-c-n-cross-coupling-yield-percent-yonod-config,ahneman-c-n-cross-coupling-yield-percent,ahneman_yield_percent,yonod-config,datasets/model-ready/ahneman-c-n-cross-coupling-yield-percent/yonod-config.json,3590,21b996518299c2f494798f7bfd2f85b41f29b82432e300a09b094b95689cc84b,model-ready,staged,CC-BY-SA-4.0,pending,step-13-model-ready-staging,"[""release-artifact-target-ahneman-c-n-cross-coupling-yield-percent""]"
release-artifact-target-asymmetric-alkylation-ee-s-minus-r-percent-audit,asymmetric-alkylation-ee-s-minus-r-percent,asymmetric_alkylation_ee_s_minus_r_percent,audit,datasets/model-ready/asymmetric-alkylation-ee-s-minus-r-percent/audit.jsonl,3936179,d035af84551d3fbf4e6049b3250cfca72fbd53ea6c672311f74006c9cd349cf5,model-ready,staged,CC-BY-SA-4.0,pending,step-13-model-ready-staging,"[""release-artifact-target-asymmetric-alkylation-ee-s-minus-r-percent""]"
release-artifact-target-asymmetric-alkylation-ee-s-minus-r-percent-checksums,asymmetric-alkylation-ee-s-minus-r-percent,asymmetric_alkylation_ee_s_minus_r_percent,checksums,datasets/model-ready/asymmetric-alkylation-ee-s-minus-r-percent/checksums.csv,809,fa1d524160e6504bdc7ae3c5f8ac8be0aafceeddcaba1f5cca39084c9a7d7626,model-ready,staged,CC-BY-SA-4.0,pending,step-13-model-ready-staging,"[""release-artifact-target-asymmetric-alkylation-ee-s-minus-r-percent""]"
release-artifact-target-asymmetric-alkylation-ee-s-minus-r-percent-dataset,asymmetric-alkylation-ee-s-minus-r-percent,asymmetric_alkylation_ee_s_minus_r_percent,dataset,datasets/model-ready/asymmetric-alkylation-ee-s-minus-r-percent/dataset.csv,303418,a589fdfe1f90e655bd9193983aa92264e0b86bfdb017c04836b5b933edc429c7,model-ready,staged,CC-BY-SA-4.0,pending,step-13-model-ready-staging,"[""release-artifact-target-asymmetric-alkylation-ee-s-minus-r-percent""]"
release-artifact-target-asymmetric-alkylation-ee-s-minus-r-percent-exclusions,asymmetric-alkylation-ee-s-minus-r-percent,asymmetric_alkylation_ee_s_minus_r_percent,exclusions,datasets/model-ready/asymmetric-alkylation-ee-s-minus-r-percent/exclusions.csv,85,4db87054e05506fd5de5d774c6c8838094902ffa774d224d92780299eeee63a7,model-ready,staged,CC-BY-SA-4.0,pending,step-13-model-ready-staging,"[""release-artifact-target-asymmetric-alkylation-ee-s-minus-r-percent""]"
release-artifact-target-asymmetric-alkylation-ee-s-minus-r-percent-metadata,asymmetric-alkylation-ee-s-minus-r-percent,asymmetric_alkylation_ee_s_minus_r_percent,metadata,datasets/model-ready/asymmetric-alkylation-ee-s-minus-r-percent/metadata.json,3047,0274e6e2a9c7cbccc7c9699c6d5880c482740ab63857d14aac64b30d26c7fcc0,model-ready,staged,CC-BY-SA-4.0,pending,step-13-model-ready-staging,"[""release-artifact-target-asymmetric-alkylation-ee-s-minus-r-percent""]"
release-artifact-target-asymmetric-alkylation-ee-s-minus-r-percent-row-map,asymmetric-alkylation-ee-s-minus-r-percent,asymmetric_alkylation_ee_s_minus_r_percent,row-map,datasets/model-ready/asymmetric-alkylation-ee-s-minus-r-percent/row-map.csv,286729,a829c13773734275e8c368cf7a387334ad3e6e241ce45958eb7f6034155e87fb,model-ready,staged,CC-BY-SA-4.0,pending,step-13-model-ready-staging,"[""release-artifact-target-asymmetric-alkylation-ee-s-minus-r-percent""]"
release-artifact-target-asymmetric-alkylation-ee-s-minus-r-percent-schema,asymmetric-alkylation-ee-s-minus-r-percent,asymmetric_alkylation_ee_s_minus_r_percent,schema,datasets/model-ready/asymmetric-alkylation-ee-s-minus-r-percent/schema.json,1635,f362b5227d85a15afa5d25e17c8cb20e393e734ee024477d467379d2eb0e25f5,model-ready,staged,CC-BY-SA-4.0,pending,step-13-model-ready-staging,"[""release-artifact-target-asymmetric-alkylation-ee-s-minus-r-percent""]"
release-artifact-target-asymmetric-alkylation-ee-s-minus-r-percent-source-links,asymmetric-alkylation-ee-s-minus-r-percent,asymmetric_alkylation_ee_s_minus_r_percent,source-links,datasets/model-ready/asymmetric-alkylation-ee-s-minus-r-percent/source-links.json,934,3a37a404915dfef6907a70ba432213ebc295d7fc2f69676c15a66437dd5e8ff9,model-ready,staged,CC-BY-SA-4.0,pending,step-13-model-ready-staging,"[""release-artifact-target-asymmetric-alkylation-ee-s-minus-r-percent""]"
release-artifact-target-asymmetric-alkylation-ee-s-minus-r-percent-target-build-provenance,asymmetric-alkylation-ee-s-minus-r-percent,asymmetric_alkylation_ee_s_minus_r_percent,target-build-provenance,datasets/model-ready/asymmetric-alkylation-ee-s-minus-r-percent/target-build-provenance.json,994,8206469281a29cafa565d6690b041ff5c85b3641bc3203976378363e51af761b,model-ready,staged,CC-BY-SA-4.0,pending,step-13-model-ready-staging,"[""release-artifact-target-asymmetric-alkylation-ee-s-minus-r-percent""]"
release-artifact-target-asymmetric-alkylation-ee-s-minus-r-percent-yonod-config,asymmetric-alkylation-ee-s-minus-r-percent,asymmetric_alkylation_ee_s_minus_r_percent,yonod-config,datasets/model-ready/asymmetric-alkylation-ee-s-minus-r-percent/yonod-config.json,3052,1ee7a5b68495d6057e1dfc16ee1cbb9fcb4c32092966fa82970d250372569412,model-ready,staged,CC-BY-SA-4.0,pending,step-13-model-ready-staging,"[""release-artifact-target-asymmetric-alkylation-ee-s-minus-r-percent""]"
release-artifact-target-cernak-reductive-amination-conversion-percent-audit,cernak-reductive-amination-conversion-percent,cernak_member_2be11_conversion_percent,audit,datasets/model-ready/cernak-reductive-amination-conversion-percent/audit.jsonl,1005156,3f51edd588cfd439ed80b161e8e1607b25cea68faf7769f4104d6495dfa2d4c9,model-ready,staged,CC-BY-SA-4.0,pending,step-13-model-ready-staging,"[""release-artifact-target-cernak-reductive-amination-conversion-percent""]"
release-artifact-target-cernak-reductive-amination-conversion-percent-checksums,cernak-reductive-amination-conversion-percent,cernak_member_2be11_conversion_percent,checksums,datasets/model-ready/cernak-reductive-amination-conversion-percent/checksums.csv,809,518b4643a2eb7377f7117e4f60a9ee18f3e206284e319812f51cf98961961070,model-ready,staged,CC-BY-SA-4.0,pending,step-13-model-ready-staging,"[""release-artifact-target-cernak-reductive-amination-conversion-percent""]"
release-artifact-target-cernak-reductive-amination-conversion-percent-dataset,cernak-reductive-amination-conversion-percent,cernak_member_2be11_conversion_percent,dataset,datasets/model-ready/cernak-reductive-amination-conversion-percent/dataset.csv,331171,0d25125e1cf707c839b93106b8131f8a836938b8d416e37698610f5bf8ee965e,model-ready,staged,CC-BY-SA-4.0,pending,step-13-model-ready-staging,"[""release-artifact-target-cernak-reductive-amination-conversion-percent""]"
release-artifact-target-cernak-reductive-amination-conversion-percent-exclusions,cernak-reductive-amination-conversion-percent,cernak_member_2be11_conversion_percent,exclusions,datasets/model-ready/cernak-reductive-amination-conversion-percent/exclusions.csv,85,4db87054e05506fd5de5d774c6c8838094902ffa774d224d92780299eeee63a7,model-ready,staged,CC-BY-SA-4.0,pending,step-13-model-ready-staging,"[""release-artifact-target-cernak-reductive-amination-conversion-percent""]"
release-artifact-target-cernak-reductive-amination-conversion-percent-metadata,cernak-reductive-amination-conversion-percent,cernak_member_2be11_conversion_percent,metadata,datasets/model-ready/cernak-reductive-amination-conversion-percent/metadata.json,3035,e74bf301c8e36db60c42bf753a05fe2502514e823a97063da48eb95bb08a6e21,model-ready,staged,CC-BY-SA-4.0,pending,step-13-model-ready-staging,"[""release-artifact-target-cernak-reductive-amination-conversion-percent""]"
release-artifact-target-cernak-reductive-amination-conversion-percent-row-map,cernak-reductive-amination-conversion-percent,cernak_member_2be11_conversion_percent,row-map,datasets/model-ready/cernak-reductive-amination-conversion-percent/row-map.csv,230573,9201530efa7e16260d50fecf09f53908640de8f91d27bc66ea1f281feebb719e,model-ready,staged,CC-BY-SA-4.0,pending,step-13-model-ready-staging,"[""release-artifact-target-cernak-reductive-amination-conversion-percent""]"
release-artifact-target-cernak-reductive-amination-conversion-percent-schema,cernak-reductive-amination-conversion-percent,cernak_member_2be11_conversion_percent,schema,datasets/model-ready/cernak-reductive-amination-conversion-percent/schema.json,1787,52c98e6b7842f6f49fcca84728de128dcf27863cbeed03c25bb50c606c4ac2a9,model-ready,staged,CC-BY-SA-4.0,pending,step-13-model-ready-staging,"[""release-artifact-target-cernak-reductive-amination-conversion-percent""]"
release-artifact-target-cernak-reductive-amination-conversion-percent-source-links,cernak-reductive-amination-conversion-percent,cernak_member_2be11_conversion_percent,source-links,datasets/model-ready/cernak-reductive-amination-conversion-percent/source-links.json,923,ecc33970cb821e886f284b90aaf5b23fca288a2406aaef323f9b699546eeed8f,model-ready,staged,CC-BY-SA-4.0,pending,step-13-model-ready-staging,"[""release-artifact-target-cernak-reductive-amination-conversion-percent""]"
release-artifact-target-cernak-reductive-amination-conversion-percent-target-build-provenance,cernak-reductive-amination-conversion-percent,cernak_member_2be11_conversion_percent,target-build-provenance,datasets/model-ready/cernak-reductive-amination-conversion-percent/target-build-provenance.json,979,5ab6da8163eef828b361820c1fafaf1bb2ec31a5919f35d7c8d0f4e1534eae22,model-ready,staged,CC-BY-SA-4.0,pending,step-13-model-ready-staging,"[""release-artifact-target-cernak-reductive-amination-conversion-percent""]"
release-artifact-target-cernak-reductive-amination-conversion-percent-yonod-config,cernak-reductive-amination-conversion-percent,cernak_member_2be11_conversion_percent,yonod-config,datasets/model-ready/cernak-reductive-amination-conversion-percent/yonod-config.json,3502,11008e2953693a252e362fee503f43e7c12afc3016253d79052c9ac454750b45,model-ready,staged,CC-BY-SA-4.0,pending,step-13-model-ready-staging,"[""release-artifact-target-cernak-reductive-amination-conversion-percent""]"
release-artifact-target-cernak-suzuki-coupling-conversion-percent-audit,cernak-suzuki-coupling-conversion-percent,cernak_member_3b8a2e_conversion_percent,audit,datasets/model-ready/cernak-suzuki-coupling-conversion-percent/audit.jsonl,1269152,33c223ede6e04718cb342d266fbbb594f95846e2015d35d7847713505204901a,model-ready,staged,CC-BY-SA-4.0,pending,step-13-model-ready-staging,"[""release-artifact-target-cernak-suzuki-coupling-conversion-percent""]"
release-artifact-target-cernak-suzuki-coupling-conversion-percent-checksums,cernak-suzuki-coupling-conversion-percent,cernak_member_3b8a2e_conversion_percent,checksums,datasets/model-ready/cernak-suzuki-coupling-conversion-percent/checksums.csv,812,be7a2fc8defa3f475a216699aae7b1fba0fbc011d70bfa4edea60874330b550d,model-ready,staged,CC-BY-SA-4.0,pending,step-13-model-ready-staging,"[""release-artifact-target-cernak-suzuki-coupling-conversion-percent""]"
release-artifact-target-cernak-suzuki-coupling-conversion-percent-dataset,cernak-suzuki-coupling-conversion-percent,cernak_member_3b8a2e_conversion_percent,dataset,datasets/model-ready/cernak-suzuki-coupling-conversion-percent/dataset.csv,314179,df6c85864b54120438f2fa0163bb5da00d7cc80ca1082499640b4b1bcae96ca9,model-ready,staged,CC-BY-SA-4.0,pending,step-13-model-ready-staging,"[""release-artifact-target-cernak-suzuki-coupling-conversion-percent""]"
release-artifact-target-cernak-suzuki-coupling-conversion-percent-exclusions,cernak-suzuki-coupling-conversion-percent,cernak_member_3b8a2e_conversion_percent,exclusions,datasets/model-ready/cernak-suzuki-coupling-conversion-percent/exclusions.csv,17959,5ae11eca84432d9f83fff0aa5599c132241312bb3f0ee6b3044ada48b6ee28ba,model-ready,staged,CC-BY-SA-4.0,pending,step-13-model-ready-staging,"[""release-artifact-target-cernak-suzuki-coupling-conversion-percent""]"
release-artifact-target-cernak-suzuki-coupling-conversion-percent-metadata,cernak-suzuki-coupling-conversion-percent,cernak_member_3b8a2e_conversion_percent,metadata,datasets/model-ready/cernak-suzuki-coupling-conversion-percent/metadata.json,3002,6c1555c298cb451bc760a6c102666c67d2f996b1faecd863f9d4c49c8a0378db,model-ready,staged,CC-BY-SA-4.0,pending,step-13-model-ready-staging,"[""release-artifact-target-cernak-suzuki-coupling-conversion-percent""]"
release-artifact-target-cernak-suzuki-coupling-conversion-percent-row-map,cernak-suzuki-coupling-conversion-percent,cernak_member_3b8a2e_conversion_percent,row-map,datasets/model-ready/cernak-suzuki-coupling-conversion-percent/row-map.csv,264635,dce561fb9a6e632f141ea638e7a078466c8971d6480104b6719be30d6f7a7dfd,model-ready,staged,CC-BY-SA-4.0,pending,step-13-model-ready-staging,"[""release-artifact-target-cernak-suzuki-coupling-conversion-percent""]"
release-artifact-target-cernak-suzuki-coupling-conversion-percent-schema,cernak-suzuki-coupling-conversion-percent,cernak_member_3b8a2e_conversion_percent,schema,datasets/model-ready/cernak-suzuki-coupling-conversion-percent/schema.json,1922,9ea36bd8af548d3089666092af5a8eedd1cdddedc917ea3b0a3cb65712591372,model-ready,staged,CC-BY-SA-4.0,pending,step-13-model-ready-staging,"[""release-artifact-target-cernak-suzuki-coupling-conversion-percent""]"
release-artifact-target-cernak-suzuki-coupling-conversion-percent-source-links,cernak-suzuki-coupling-conversion-percent,cernak_member_3b8a2e_conversion_percent,source-links,datasets/model-ready/cernak-suzuki-coupling-conversion-percent/source-links.json,923,bbfa3b874bdcef00cccc63f4051edf8ca53dbc56fec782333fe9bfe30805077a,model-ready,staged,CC-BY-SA-4.0,pending,step-13-model-ready-staging,"[""release-artifact-target-cernak-suzuki-coupling-conversion-percent""]"
release-artifact-target-cernak-suzuki-coupling-conversion-percent-target-build-provenance,cernak-suzuki-coupling-conversion-percent,cernak_member_3b8a2e_conversion_percent,target-build-provenance,datasets/model-ready/cernak-suzuki-coupling-conversion-percent/target-build-provenance.json,980,d6dad2986544e3b510b5152a6538b0d44d01fa1f70698e3ced0b30cfb01ef97a,model-ready,staged,CC-BY-SA-4.0,pending,step-13-model-ready-staging,"[""release-artifact-target-cernak-suzuki-coupling-conversion-percent""]"
release-artifact-target-cernak-suzuki-coupling-conversion-percent-yonod-config,cernak-suzuki-coupling-conversion-percent,cernak_member_3b8a2e_conversion_percent,yonod-config,datasets/model-ready/cernak-suzuki-coupling-conversion-percent/yonod-config.json,3601,122d56918e8a3860692736370509031262ad5bee553e2a81433b4b597649b2d6,model-ready,staged,CC-BY-SA-4.0,pending,step-13-model-ready-staging,"[""release-artifact-target-cernak-suzuki-coupling-conversion-percent""]"
release-artifact-target-cernak-ultra-hte-c-n-yield-percent-audit,cernak-ultra-hte-c-n-yield-percent,c_n_yield_percent,audit,datasets/model-ready/cernak-ultra-hte-c-n-yield-percent/audit.jsonl,49015889,3c3f98eb4f86f6ad7a419fd45582815af45bb6f29f3942f70018557d46820975,model-ready,staged,CC-BY-SA-4.0,pending,step-13-model-ready-staging,"[""release-artifact-target-cernak-ultra-hte-c-n-yield-percent""]"
release-artifact-target-cernak-ultra-hte-c-n-yield-percent-checksums,cernak-ultra-hte-c-n-yield-percent,c_n_yield_percent,checksums,datasets/model-ready/cernak-ultra-hte-c-n-yield-percent/checksums.csv,816,36a2cb205fdbe48a8303ed2a798b377252a5e75c1450a421b7cf783fe70611d4,model-ready,staged,CC-BY-SA-4.0,pending,step-13-model-ready-staging,"[""release-artifact-target-cernak-ultra-hte-c-n-yield-percent""]"
release-artifact-target-cernak-ultra-hte-c-n-yield-percent-dataset,cernak-ultra-hte-c-n-yield-percent,c_n_yield_percent,dataset,datasets/model-ready/cernak-ultra-hte-c-n-yield-percent/dataset.csv,12155576,ba845e82bb3701469aadf172a7457c64354b1e7d6f8e2ab1aad2b96c2445a012,model-ready,staged,CC-BY-SA-4.0,pending,step-13-model-ready-staging,"[""release-artifact-target-cernak-ultra-hte-c-n-yield-percent""]"
release-artifact-target-cernak-ultra-hte-c-n-yield-percent-exclusions,cernak-ultra-hte-c-n-yield-percent,c_n_yield_percent,exclusions,datasets/model-ready/cernak-ultra-hte-c-n-yield-percent/exclusions.csv,3145,6aa89bbef99173f5b3b1297227ee2235236900613813655265771dbf3ce4fd33,model-ready,staged,CC-BY-SA-4.0,pending,step-13-model-ready-staging,"[""release-artifact-target-cernak-ultra-hte-c-n-yield-percent""]"
release-artifact-target-cernak-ultra-hte-c-n-yield-percent-metadata,cernak-ultra-hte-c-n-yield-percent,c_n_yield_percent,metadata,datasets/model-ready/cernak-ultra-hte-c-n-yield-percent/metadata.json,2958,236cf2b3ae9f07156740b8c1c5399d0fd3930a4724cb1342317f027e3d667c42,model-ready,staged,CC-BY-SA-4.0,pending,step-13-model-ready-staging,"[""release-artifact-target-cernak-ultra-hte-c-n-yield-percent""]"
release-artifact-target-cernak-ultra-hte-c-n-yield-percent-row-map,cernak-ultra-hte-c-n-yield-percent,c_n_yield_percent,row-map,datasets/model-ready/cernak-ultra-hte-c-n-yield-percent/row-map.csv,10314143,13fac23db2bd8b4c6ab4093a7ef70afe80c08aa0ea9c197ccf6b039db55ab0fe,model-ready,staged,CC-BY-SA-4.0,pending,step-13-model-ready-staging,"[""release-artifact-target-cernak-ultra-hte-c-n-yield-percent""]"
release-artifact-target-cernak-ultra-hte-c-n-yield-percent-schema,cernak-ultra-hte-c-n-yield-percent,c_n_yield_percent,schema,datasets/model-ready/cernak-ultra-hte-c-n-yield-percent/schema.json,1897,dc0849c815516496dea3cbb3f3c357199e6b116a05e4266aa1d75e800110fbc0,model-ready,staged,CC-BY-SA-4.0,pending,step-13-model-ready-staging,"[""release-artifact-target-cernak-ultra-hte-c-n-yield-percent""]"
release-artifact-target-cernak-ultra-hte-c-n-yield-percent-source-links,cernak-ultra-hte-c-n-yield-percent,c_n_yield_percent,source-links,datasets/model-ready/cernak-ultra-hte-c-n-yield-percent/source-links.json,936,cfb56db0ced03c608cc0692464aaf8b54358cb0aabe43602b3ac71930827f432,model-ready,staged,CC-BY-SA-4.0,pending,step-13-model-ready-staging,"[""release-artifact-target-cernak-ultra-hte-c-n-yield-percent""]"
release-artifact-target-cernak-ultra-hte-c-n-yield-percent-target-build-provenance,cernak-ultra-hte-c-n-yield-percent,c_n_yield_percent,target-build-provenance,datasets/model-ready/cernak-ultra-hte-c-n-yield-percent/target-build-provenance.json,969,4edcc8b8c939509a8a8ee960202df6b27d586405d06f0d93303ca4605fa5278c,model-ready,staged,CC-BY-SA-4.0,pending,step-13-model-ready-staging,"[""release-artifact-target-cernak-ultra-hte-c-n-yield-percent""]"
release-artifact-target-cernak-ultra-hte-c-n-yield-percent-yonod-config,cernak-ultra-hte-c-n-yield-percent,c_n_yield_percent,yonod-config,datasets/model-ready/cernak-ultra-hte-c-n-yield-percent/yonod-config.json,4416,fb3981a8de911ff01b8cbac32088fe3bd3d56228d3f4792317866ba494caa7ea,model-ready,staged,CC-BY-SA-4.0,pending,step-13-model-ready-staging,"[""release-artifact-target-cernak-ultra-hte-c-n-yield-percent""]"
release-artifact-target-chan-lam-sulfonamide-coupling-yield-percent-audit,chan-lam-sulfonamide-coupling-yield-percent,chan_lam_yield_percent,audit,datasets/model-ready/chan-lam-sulfonamide-coupling-yield-percent/audit.jsonl,9592789,8a3a14fb1b89994d3b7414dd1548595419fa4d413c908b6658e703d6ab817261,model-ready,staged,CC-BY-SA-4.0,pending,step-13-model-ready-staging,"[""release-artifact-target-chan-lam-sulfonamide-coupling-yield-percent""]"
release-artifact-target-chan-lam-sulfonamide-coupling-yield-percent-checksums,chan-lam-sulfonamide-coupling-yield-percent,chan_lam_yield_percent,checksums,datasets/model-ready/chan-lam-sulfonamide-coupling-yield-percent/checksums.csv,813,a7798ee552aad338228d3252080ac6ecb792bdbf66a02f30d10694bdb99c7825,model-ready,staged,CC-BY-SA-4.0,pending,step-13-model-ready-staging,"[""release-artifact-target-chan-lam-sulfonamide-coupling-yield-percent""]"
release-artifact-target-chan-lam-sulfonamide-coupling-yield-percent-dataset,chan-lam-sulfonamide-coupling-yield-percent,chan_lam_yield_percent,dataset,datasets/model-ready/chan-lam-sulfonamide-coupling-yield-percent/dataset.csv,1856612,648de1e73169feca1cc221f1f53858c11918f91c4f959e206f1a8a66ff4b482b,model-ready,staged,CC-BY-SA-4.0,pending,step-13-model-ready-staging,"[""release-artifact-target-chan-lam-sulfonamide-coupling-yield-percent""]"
release-artifact-target-chan-lam-sulfonamide-coupling-yield-percent-exclusions,chan-lam-sulfonamide-coupling-yield-percent,chan_lam_yield_percent,exclusions,datasets/model-ready/chan-lam-sulfonamide-coupling-yield-percent/exclusions.csv,4634,df62a4deb8d003ef572dafdd1e33705ba6db1e12f3f381516d263d4232ed3548,model-ready,staged,CC-BY-SA-4.0,pending,step-13-model-ready-staging,"[""release-artifact-target-chan-lam-sulfonamide-coupling-yield-percent""]"
release-artifact-target-chan-lam-sulfonamide-coupling-yield-percent-metadata,chan-lam-sulfonamide-coupling-yield-percent,chan_lam_yield_percent,metadata,datasets/model-ready/chan-lam-sulfonamide-coupling-yield-percent/metadata.json,3048,8f1acf37b5e935d883325656abfcfec0a5fae2fc2c8764f3dc2489033906133e,model-ready,staged,CC-BY-SA-4.0,pending,step-13-model-ready-staging,"[""release-artifact-target-chan-lam-sulfonamide-coupling-yield-percent""]"
release-artifact-target-chan-lam-sulfonamide-coupling-yield-percent-row-map,chan-lam-sulfonamide-coupling-yield-percent,chan_lam_yield_percent,row-map,datasets/model-ready/chan-lam-sulfonamide-coupling-yield-percent/row-map.csv,1937484,3c99c78f8e5e02044c4274a9ed94756af60ee597d51efe797cecbadfe4a7f6ef,model-ready,staged,CC-BY-SA-4.0,pending,step-13-model-ready-staging,"[""release-artifact-target-chan-lam-sulfonamide-coupling-yield-percent""]"
release-artifact-target-chan-lam-sulfonamide-coupling-yield-percent-schema,chan-lam-sulfonamide-coupling-yield-percent,chan_lam_yield_percent,schema,datasets/model-ready/chan-lam-sulfonamide-coupling-yield-percent/schema.json,1552,e6a61d75fdd4f867c6bd36c893e673c599b275849f19e1dc322b6f1926c43da0,model-ready,staged,CC-BY-SA-4.0,pending,step-13-model-ready-staging,"[""release-artifact-target-chan-lam-sulfonamide-coupling-yield-percent""]"
release-artifact-target-chan-lam-sulfonamide-coupling-yield-percent-source-links,chan-lam-sulfonamide-coupling-yield-percent,chan_lam_yield_percent,source-links,datasets/model-ready/chan-lam-sulfonamide-coupling-yield-percent/source-links.json,934,a1a8933851edb5179acc9b77b9ff40dab0d17749e9a6452d9ddfe98dd25a3da7,model-ready,staged,CC-BY-SA-4.0,pending,step-13-model-ready-staging,"[""release-artifact-target-chan-lam-sulfonamide-coupling-yield-percent""]"
release-artifact-target-chan-lam-sulfonamide-coupling-yield-percent-target-build-provenance,chan-lam-sulfonamide-coupling-yield-percent,chan_lam_yield_percent,target-build-provenance,datasets/model-ready/chan-lam-sulfonamide-coupling-yield-percent/target-build-provenance.json,974,0410366caad1bb9e2d814cdf926b77aaf179cd91b1852ed5dd5d1abcf359e2f7,model-ready,staged,CC-BY-SA-4.0,pending,step-13-model-ready-staging,"[""release-artifact-target-chan-lam-sulfonamide-coupling-yield-percent""]"
release-artifact-target-chan-lam-sulfonamide-coupling-yield-percent-yonod-config,chan-lam-sulfonamide-coupling-yield-percent,chan_lam_yield_percent,yonod-config,datasets/model-ready/chan-lam-sulfonamide-coupling-yield-percent/yonod-config.json,2884,b401147034c6c4d560d8f68a6e6bf46b0b8d23c5457c3a584728698adb48efd1,model-ready,staged,CC-BY-SA-4.0,pending,step-13-model-ready-staging,"[""release-artifact-target-chan-lam-sulfonamide-coupling-yield-percent""]"
release-artifact-target-chemrxiv-aniline-amidation-yield-percent-audit,chemrxiv-aniline-amidation-yield-percent,chemrxiv_amide_yield_percent,audit,datasets/model-ready/chemrxiv-aniline-amidation-yield-percent/audit.jsonl,962270,57db77438a16ba93c2d71c026c82d35eff6e843221a071b3e7731b442a7fc04b,model-ready,staged,CC-BY-SA-4.0,pending,step-13-model-ready-staging,"[""release-artifact-target-chemrxiv-aniline-amidation-yield-percent""]"
release-artifact-target-chemrxiv-aniline-amidation-yield-percent-checksums,chemrxiv-aniline-amidation-yield-percent,chemrxiv_amide_yield_percent,checksums,datasets/model-ready/chemrxiv-aniline-amidation-yield-percent/checksums.csv,809,65027c2200be4e827c885dd82a1fb488511986fa74b073c6a57357f94ae1b05d,model-ready,staged,CC-BY-SA-4.0,pending,step-13-model-ready-staging,"[""release-artifact-target-chemrxiv-aniline-amidation-yield-percent""]"
release-artifact-target-chemrxiv-aniline-amidation-yield-percent-dataset,chemrxiv-aniline-amidation-yield-percent,chemrxiv_amide_yield_percent,dataset,datasets/model-ready/chemrxiv-aniline-amidation-yield-percent/dataset.csv,238260,90c762cff7defe31e7e45d35406df595d094186a0b35b05b0f799cfe66411f72,model-ready,staged,CC-BY-SA-4.0,pending,step-13-model-ready-staging,"[""release-artifact-target-chemrxiv-aniline-amidation-yield-percent""]"
release-artifact-target-chemrxiv-aniline-amidation-yield-percent-exclusions,chemrxiv-aniline-amidation-yield-percent,chemrxiv_amide_yield_percent,exclusions,datasets/model-ready/chemrxiv-aniline-amidation-yield-percent/exclusions.csv,538,2cf41e5f67c8f2932bd6acc9c33170f90a492213d26117ef9acb515c2e72528d,model-ready,staged,CC-BY-SA-4.0,pending,step-13-model-ready-staging,"[""release-artifact-target-chemrxiv-aniline-amidation-yield-percent""]"
release-artifact-target-chemrxiv-aniline-amidation-yield-percent-metadata,chemrxiv-aniline-amidation-yield-percent,chemrxiv_amide_yield_percent,metadata,datasets/model-ready/chemrxiv-aniline-amidation-yield-percent/metadata.json,3025,7ac3238d573f16d91d9b0f0fb8450092c1ce0b3009c272e31102e9438dd6281c,model-ready,staged,CC-BY-SA-4.0,pending,step-13-model-ready-staging,"[""release-artifact-target-chemrxiv-aniline-amidation-yield-percent""]"
release-artifact-target-chemrxiv-aniline-amidation-yield-percent-row-map,chemrxiv-aniline-amidation-yield-percent,chemrxiv_amide_yield_percent,row-map,datasets/model-ready/chemrxiv-aniline-amidation-yield-percent/row-map.csv,191267,be63107c0184d74c9f9a7ce94a96c4c7aafa3ee21e3ec37c9f73a10e6343a38b,model-ready,staged,CC-BY-SA-4.0,pending,step-13-model-ready-staging,"[""release-artifact-target-chemrxiv-aniline-amidation-yield-percent""]"
release-artifact-target-chemrxiv-aniline-amidation-yield-percent-schema,chemrxiv-aniline-amidation-yield-percent,chemrxiv_amide_yield_percent,schema,datasets/model-ready/chemrxiv-aniline-amidation-yield-percent/schema.json,1783,3df9ea65934570a4012966c9eb5bca742ea943bbcdf9fdc743e6b6e306b5af9e,model-ready,staged,CC-BY-SA-4.0,pending,step-13-model-ready-staging,"[""release-artifact-target-chemrxiv-aniline-amidation-yield-percent""]"
release-artifact-target-chemrxiv-aniline-amidation-yield-percent-source-links,chemrxiv-aniline-amidation-yield-percent,chemrxiv_amide_yield_percent,source-links,datasets/model-ready/chemrxiv-aniline-amidation-yield-percent/source-links.json,933,167357e03f2789fd1f72b52f7413e505323c2d0aaea139ed21577431b564d6ff,model-ready,staged,CC-BY-SA-4.0,pending,step-13-model-ready-staging,"[""release-artifact-target-chemrxiv-aniline-amidation-yield-percent""]"
release-artifact-target-chemrxiv-aniline-amidation-yield-percent-target-build-provenance,chemrxiv-aniline-amidation-yield-percent,chemrxiv_amide_yield_percent,target-build-provenance,datasets/model-ready/chemrxiv-aniline-amidation-yield-percent/target-build-provenance.json,981,b6b61bcc7285daada8eddd8b1f0064efb5fd41958b476d1004a3aec147ef7bdc,model-ready,staged,CC-BY-SA-4.0,pending,step-13-model-ready-staging,"[""release-artifact-target-chemrxiv-aniline-amidation-yield-percent""]"
release-artifact-target-chemrxiv-aniline-amidation-yield-percent-yonod-config,chemrxiv-aniline-amidation-yield-percent,chemrxiv_amide_yield_percent,yonod-config,datasets/model-ready/chemrxiv-aniline-amidation-yield-percent/yonod-config.json,3463,6db195daa13f29476cd44ae176ed1a27bfb5d2fd6a1bb43d0d4257b4f6af967b,model-ready,staged,CC-BY-SA-4.0,pending,step-13-model-ready-staging,"[""release-artifact-target-chemrxiv-aniline-amidation-yield-percent""]"
release-artifact-target-chemrxiv-imidazole-c-h-arylation-yield-percent-audit,chemrxiv-imidazole-c-h-arylation-yield-percent,chemrxiv_ch_arylation_yield_percent,audit,datasets/model-ready/chemrxiv-imidazole-c-h-arylation-yield-percent/audit.jsonl,1465133,45ef40a04b51b0c0b4c55f66e72de3b66852eabb0044c69359f8b52bdbe1b0a6,model-ready,staged,CC-BY-SA-4.0,pending,step-13-model-ready-staging,"[""release-artifact-target-chemrxiv-imidazole-c-h-arylation-yield-percent""]"
release-artifact-target-chemrxiv-imidazole-c-h-arylation-yield-percent-checksums,chemrxiv-imidazole-c-h-arylation-yield-percent,chemrxiv_ch_arylation_yield_percent,checksums,datasets/model-ready/chemrxiv-imidazole-c-h-arylation-yield-percent/checksums.csv,811,e9dfbfec3569be5c499f709fe3d2d2b4083275f03464f8c21ed222bf11284be3,model-ready,staged,CC-BY-SA-4.0,pending,step-13-model-ready-staging,"[""release-artifact-target-chemrxiv-imidazole-c-h-arylation-yield-percent""]"
release-artifact-target-chemrxiv-imidazole-c-h-arylation-yield-percent-dataset,chemrxiv-imidazole-c-h-arylation-yield-percent,chemrxiv_ch_arylation_yield_percent,dataset,datasets/model-ready/chemrxiv-imidazole-c-h-arylation-yield-percent/dataset.csv,394075,3d11901429869a5875d98ec4feec8239efbfa121c59d750a9bf8c04612906f7d,model-ready,staged,CC-BY-SA-4.0,pending,step-13-model-ready-staging,"[""release-artifact-target-chemrxiv-imidazole-c-h-arylation-yield-percent""]"
release-artifact-target-chemrxiv-imidazole-c-h-arylation-yield-percent-exclusions,chemrxiv-imidazole-c-h-arylation-yield-percent,chemrxiv_ch_arylation_yield_percent,exclusions,datasets/model-ready/chemrxiv-imidazole-c-h-arylation-yield-percent/exclusions.csv,1142,8f47e75aea68776f95629257185ead1b25f8088098e25f2aa75b73edd8ec4db6,model-ready,staged,CC-BY-SA-4.0,pending,step-13-model-ready-staging,"[""release-artifact-target-chemrxiv-imidazole-c-h-arylation-yield-percent""]"
release-artifact-target-chemrxiv-imidazole-c-h-arylation-yield-percent-metadata,chemrxiv-imidazole-c-h-arylation-yield-percent,chemrxiv_ch_arylation_yield_percent,metadata,datasets/model-ready/chemrxiv-imidazole-c-h-arylation-yield-percent/metadata.json,3100,dfda16e120a7aa737163d3039f1c166926f77610e87f9dc9ea368a8303263502,model-ready,staged,CC-BY-SA-4.0,pending,step-13-model-ready-staging,"[""release-artifact-target-chemrxiv-imidazole-c-h-arylation-yield-percent""]"
release-artifact-target-chemrxiv-imidazole-c-h-arylation-yield-percent-row-map,chemrxiv-imidazole-c-h-arylation-yield-percent,chemrxiv_ch_arylation_yield_percent,row-map,datasets/model-ready/chemrxiv-imidazole-c-h-arylation-yield-percent/row-map.csv,306734,834e743133299f6acac97bd37d9a34ccca5e3ef92fa96e062a31e12c9a12870f,model-ready,staged,CC-BY-SA-4.0,pending,step-13-model-ready-staging,"[""release-artifact-target-chemrxiv-imidazole-c-h-arylation-yield-percent""]"
release-artifact-target-chemrxiv-imidazole-c-h-arylation-yield-percent-schema,chemrxiv-imidazole-c-h-arylation-yield-percent,chemrxiv_ch_arylation_yield_percent,schema,datasets/model-ready/chemrxiv-imidazole-c-h-arylation-yield-percent/schema.json,1810,a27995892bdb21300f96b92705aa7807e6908c32e65dce289fc0d5791cb781b7,model-ready,staged,CC-BY-SA-4.0,pending,step-13-model-ready-staging,"[""release-artifact-target-chemrxiv-imidazole-c-h-arylation-yield-percent""]"
release-artifact-target-chemrxiv-imidazole-c-h-arylation-yield-percent-source-links,chemrxiv-imidazole-c-h-arylation-yield-percent,chemrxiv_ch_arylation_yield_percent,source-links,datasets/model-ready/chemrxiv-imidazole-c-h-arylation-yield-percent/source-links.json,935,c510ebe6765834507cec7200febf04c11045d2dc2f01081b91d98229ff822180,model-ready,staged,CC-BY-SA-4.0,pending,step-13-model-ready-staging,"[""release-artifact-target-chemrxiv-imidazole-c-h-arylation-yield-percent""]"
release-artifact-target-chemrxiv-imidazole-c-h-arylation-yield-percent-target-build-provenance,chemrxiv-imidazole-c-h-arylation-yield-percent,chemrxiv_ch_arylation_yield_percent,target-build-provenance,datasets/model-ready/chemrxiv-imidazole-c-h-arylation-yield-percent/target-build-provenance.json,988,ac6bbce6c455237b3645b5f201ee3b1b075e3bca2e5fe361b6a9fbf480a874dd,model-ready,staged,CC-BY-SA-4.0,pending,step-13-model-ready-staging,"[""release-artifact-target-chemrxiv-imidazole-c-h-arylation-yield-percent""]"
release-artifact-target-chemrxiv-imidazole-c-h-arylation-yield-percent-yonod-config,chemrxiv-imidazole-c-h-arylation-yield-percent,chemrxiv_ch_arylation_yield_percent,yonod-config,datasets/model-ready/chemrxiv-imidazole-c-h-arylation-yield-percent/yonod-config.json,3483,fe20a135bbf43e59124b195d58b74780ec6797cbce732393f8338b0777337cad,model-ready,staged,CC-BY-SA-4.0,pending,step-13-model-ready-staging,"[""release-artifact-target-chemrxiv-imidazole-c-h-arylation-yield-percent""]"
release-artifact-target-flow-catechol-product-2-response-percent-audit,flow-catechol-product-2-response-percent,catechol_product_2_yield_percent,audit,datasets/model-ready/flow-catechol-product-2-response-percent/audit.jsonl,2600133,96f627cda36b99f17be7e4bd8b17177661c84e6f0cd75fcf9d62f09f1f096388,model-ready,staged,CC-BY-SA-4.0,pending,step-13-model-ready-staging,"[""release-artifact-target-flow-catechol-product-2-response-percent""]"
release-artifact-target-flow-catechol-product-2-response-percent-checksums,flow-catechol-product-2-response-percent,catechol_product_2_yield_percent,checksums,datasets/model-ready/flow-catechol-product-2-response-percent/checksums.csv,809,9da5416071cd7d2335dafc4ba4bee8b811989ccdf2e644b15f258f703451a59b,model-ready,staged,CC-BY-SA-4.0,pending,step-13-model-ready-staging,"[""release-artifact-target-flow-catechol-product-2-response-percent""]"
release-artifact-target-flow-catechol-product-2-response-percent-dataset,flow-catechol-product-2-response-percent,catechol_product_2_yield_percent,dataset,datasets/model-ready/flow-catechol-product-2-response-percent/dataset.csv,218696,d1a09d05fb70c93c221438761893f5f71f6390f94c49bef3973a42bcd9308c84,model-ready,staged,CC-BY-SA-4.0,pending,step-13-model-ready-staging,"[""release-artifact-target-flow-catechol-product-2-response-percent""]"
release-artifact-target-flow-catechol-product-2-response-percent-exclusions,flow-catechol-product-2-response-percent,catechol_product_2_yield_percent,exclusions,datasets/model-ready/flow-catechol-product-2-response-percent/exclusions.csv,85,4db87054e05506fd5de5d774c6c8838094902ffa774d224d92780299eeee63a7,model-ready,staged,CC-BY-SA-4.0,pending,step-13-model-ready-staging,"[""release-artifact-target-flow-catechol-product-2-response-percent""]"
release-artifact-target-flow-catechol-product-2-response-percent-metadata,flow-catechol-product-2-response-percent,catechol_product_2_yield_percent,metadata,datasets/model-ready/flow-catechol-product-2-response-percent/metadata.json,3047,9314327b9c35692e10666d6c5c0a2e3f654f02f98a254feee9239a06b5dab4e2,model-ready,staged,CC-BY-SA-4.0,pending,step-13-model-ready-staging,"[""release-artifact-target-flow-catechol-product-2-response-percent""]"
release-artifact-target-flow-catechol-product-2-response-percent-row-map,flow-catechol-product-2-response-percent,catechol_product_2_yield_percent,row-map,datasets/model-ready/flow-catechol-product-2-response-percent/row-map.csv,245723,16d61d8f56d8278be07a447031f8700ec6c5a2c02764c2f0191d86d3a76dc71f,model-ready,staged,CC-BY-SA-4.0,pending,step-13-model-ready-staging,"[""release-artifact-target-flow-catechol-product-2-response-percent""]"
release-artifact-target-flow-catechol-product-2-response-percent-schema,flow-catechol-product-2-response-percent,catechol_product_2_yield_percent,schema,datasets/model-ready/flow-catechol-product-2-response-percent/schema.json,1846,58b5c8b23c33aa98fde3f26de8246df457cf8d45fa4bb1afe2536ca7079dc848,model-ready,staged,CC-BY-SA-4.0,pending,step-13-model-ready-staging,"[""release-artifact-target-flow-catechol-product-2-response-percent""]"
release-artifact-target-flow-catechol-product-2-response-percent-source-links,flow-catechol-product-2-response-percent,catechol_product_2_yield_percent,source-links,datasets/model-ready/flow-catechol-product-2-response-percent/source-links.json,933,300b9457933d821feb42f6d2a6560ccf7e707c91cec7d4063608212be76d6aca,model-ready,staged,CC-BY-SA-4.0,pending,step-13-model-ready-staging,"[""release-artifact-target-flow-catechol-product-2-response-percent""]"
release-artifact-target-flow-catechol-product-2-response-percent-target-build-provenance,flow-catechol-product-2-response-percent,catechol_product_2_yield_percent,target-build-provenance,datasets/model-ready/flow-catechol-product-2-response-percent/target-build-provenance.json,984,813945da50324fc496589a89b49c81fe66ebe1bd17079184b38f83e21973edce,model-ready,staged,CC-BY-SA-4.0,pending,step-13-model-ready-staging,"[""release-artifact-target-flow-catechol-product-2-response-percent""]"
release-artifact-target-flow-catechol-product-2-response-percent-yonod-config,flow-catechol-product-2-response-percent,catechol_product_2_yield_percent,yonod-config,datasets/model-ready/flow-catechol-product-2-response-percent/yonod-config.json,2268,c33097b32043c29bbd788b6323e6732b06d1ae232146d2fb8d79f40016be3e14,model-ready,staged,CC-BY-SA-4.0,pending,step-13-model-ready-staging,"[""release-artifact-target-flow-catechol-product-2-response-percent""]"
release-artifact-target-flow-catechol-product-3-response-percent-audit,flow-catechol-product-3-response-percent,catechol_product_3_yield_percent,audit,datasets/model-ready/flow-catechol-product-3-response-percent/audit.jsonl,2600261,fb6280e62cda2401ae8d18ad2cd6ff984a973fe40e55ba97cd14e7134ad61a14,model-ready,staged,CC-BY-SA-4.0,pending,step-13-model-ready-staging,"[""release-artifact-target-flow-catechol-product-3-response-percent""]"
release-artifact-target-flow-catechol-product-3-response-percent-checksums,flow-catechol-product-3-response-percent,catechol_product_3_yield_percent,checksums,datasets/model-ready/flow-catechol-product-3-response-percent/checksums.csv,809,cb596191a36e3d2fa00d54f5a3b1521edcb642116a092c0919e6d04b16617ff0,model-ready,staged,CC-BY-SA-4.0,pending,step-13-model-ready-staging,"[""release-artifact-target-flow-catechol-product-3-response-percent""]"
release-artifact-target-flow-catechol-product-3-response-percent-dataset,flow-catechol-product-3-response-percent,catechol_product_3_yield_percent,dataset,datasets/model-ready/flow-catechol-product-3-response-percent/dataset.csv,218760,5cc90e232268be1fc5e15330039927b90a13a4444df2347987d312612ea771d2,model-ready,staged,CC-BY-SA-4.0,pending,step-13-model-ready-staging,"[""release-artifact-target-flow-catechol-product-3-response-percent""]"
release-artifact-target-flow-catechol-product-3-response-percent-exclusions,flow-catechol-product-3-response-percent,catechol_product_3_yield_percent,exclusions,datasets/model-ready/flow-catechol-product-3-response-percent/exclusions.csv,85,4db87054e05506fd5de5d774c6c8838094902ffa774d224d92780299eeee63a7,model-ready,staged,CC-BY-SA-4.0,pending,step-13-model-ready-staging,"[""release-artifact-target-flow-catechol-product-3-response-percent""]"
release-artifact-target-flow-catechol-product-3-response-percent-metadata,flow-catechol-product-3-response-percent,catechol_product_3_yield_percent,metadata,datasets/model-ready/flow-catechol-product-3-response-percent/metadata.json,3047,c3c235859d6ee76a44d04d1d626dee84594e59419c8563b14171badd894df11d,model-ready,staged,CC-BY-SA-4.0,pending,step-13-model-ready-staging,"[""release-artifact-target-flow-catechol-product-3-response-percent""]"
release-artifact-target-flow-catechol-product-3-response-percent-row-map,flow-catechol-product-3-response-percent,catechol_product_3_yield_percent,row-map,datasets/model-ready/flow-catechol-product-3-response-percent/row-map.csv,245723,4089f9b99c44fc7bf8c06a5399a37378c28572da4f9f7bbb414bc51c56f21201,model-ready,staged,CC-BY-SA-4.0,pending,step-13-model-ready-staging,"[""release-artifact-target-flow-catechol-product-3-response-percent""]"
release-artifact-target-flow-catechol-product-3-response-percent-schema,flow-catechol-product-3-response-percent,catechol_product_3_yield_percent,schema,datasets/model-ready/flow-catechol-product-3-response-percent/schema.json,1846,bc0d609c64485e8119ff6efb3030eb9511a4ed086fdb916f1bb054a0c4cdab96,model-ready,staged,CC-BY-SA-4.0,pending,step-13-model-ready-staging,"[""release-artifact-target-flow-catechol-product-3-response-percent""]"
release-artifact-target-flow-catechol-product-3-response-percent-source-links,flow-catechol-product-3-response-percent,catechol_product_3_yield_percent,source-links,datasets/model-ready/flow-catechol-product-3-response-percent/source-links.json,933,300b9457933d821feb42f6d2a6560ccf7e707c91cec7d4063608212be76d6aca,model-ready,staged,CC-BY-SA-4.0,pending,step-13-model-ready-staging,"[""release-artifact-target-flow-catechol-product-3-response-percent""]"
release-artifact-target-flow-catechol-product-3-response-percent-target-build-provenance,flow-catechol-product-3-response-percent,catechol_product_3_yield_percent,target-build-provenance,datasets/model-ready/flow-catechol-product-3-response-percent/target-build-provenance.json,984,3e6a8e7fd54eb4d9de2aaf5ec7a2647f23a7f6ea8299ebfb62e8711e9106a06c,model-ready,staged,CC-BY-SA-4.0,pending,step-13-model-ready-staging,"[""release-artifact-target-flow-catechol-product-3-response-percent""]"
release-artifact-target-flow-catechol-product-3-response-percent-yonod-config,flow-catechol-product-3-response-percent,catechol_product_3_yield_percent,yonod-config,datasets/model-ready/flow-catechol-product-3-response-percent/yonod-config.json,2268,9a3226217523d41d6ca8fe9a4abcc2c10ffa332b4dbbe632a8bfade4237db354,model-ready,staged,CC-BY-SA-4.0,pending,step-13-model-ready-staging,"[""release-artifact-target-flow-catechol-product-3-response-percent""]"
release-artifact-target-flow-catechol-total-product-response-percent-audit,flow-catechol-total-product-response-percent,catechol_total_product_yield_percent,audit,datasets/model-ready/flow-catechol-total-product-response-percent/audit.jsonl,3415361,41947a72dd087cb585a9268ee7f491e258fba6c869fd96fb812d4ab7608ecc58,model-ready,staged,CC-BY-SA-4.0,pending,step-13-model-ready-staging,"[""release-artifact-target-flow-catechol-total-product-response-percent""]"
release-artifact-target-flow-catechol-total-product-response-percent-checksums,flow-catechol-total-product-response-percent,catechol_total_product_yield_percent,checksums,datasets/model-ready/flow-catechol-total-product-response-percent/checksums.csv,809,6458f62b5e532ca76616f2474b42b361d673e6b0a18e04b7120e2d3e475b5584,model-ready,staged,CC-BY-SA-4.0,pending,step-13-model-ready-staging,"[""release-artifact-target-flow-catechol-total-product-response-percent""]"
release-artifact-target-flow-catechol-total-product-response-percent-dataset,flow-catechol-total-product-response-percent,catechol_total_product_yield_percent,dataset,datasets/model-ready/flow-catechol-total-product-response-percent/dataset.csv,219467,9067b4cdce62de221a83ff15b095aadd6e110c4d143458917c7d6362bdbde397,model-ready,staged,CC-BY-SA-4.0,pending,step-13-model-ready-staging,"[""release-artifact-target-flow-catechol-total-product-response-percent""]"
release-artifact-target-flow-catechol-total-product-response-percent-exclusions,flow-catechol-total-product-response-percent,catechol_total_product_yield_percent,exclusions,datasets/model-ready/flow-catechol-total-product-response-percent/exclusions.csv,85,4db87054e05506fd5de5d774c6c8838094902ffa774d224d92780299eeee63a7,model-ready,staged,CC-BY-SA-4.0,pending,step-13-model-ready-staging,"[""release-artifact-target-flow-catechol-total-product-response-percent""]"
release-artifact-target-flow-catechol-total-product-response-percent-metadata,flow-catechol-total-product-response-percent,catechol_total_product_yield_percent,metadata,datasets/model-ready/flow-catechol-total-product-response-percent/metadata.json,3096,4f50311b46acd438292910e54a96bce77652371a13639491d2fbfc5cc3d8b715,model-ready,staged,CC-BY-SA-4.0,pending,step-13-model-ready-staging,"[""release-artifact-target-flow-catechol-total-product-response-percent""]"
release-artifact-target-flow-catechol-total-product-response-percent-row-map,flow-catechol-total-product-response-percent,catechol_total_product_yield_percent,row-map,datasets/model-ready/flow-catechol-total-product-response-percent/row-map.csv,245723,40d9792859650c359c8306eab46ca5feee06fe0cb97509e5b043c3421660871b,model-ready,staged,CC-BY-SA-4.0,pending,step-13-model-ready-staging,"[""release-artifact-target-flow-catechol-total-product-response-percent""]"
release-artifact-target-flow-catechol-total-product-response-percent-schema,flow-catechol-total-product-response-percent,catechol_total_product_yield_percent,schema,datasets/model-ready/flow-catechol-total-product-response-percent/schema.json,1879,9a660083ccee989ff7c280505e72725aa5d03964090c70d6f31dba9f5e0a4bdc,model-ready,staged,CC-BY-SA-4.0,pending,step-13-model-ready-staging,"[""release-artifact-target-flow-catechol-total-product-response-percent""]"
release-artifact-target-flow-catechol-total-product-response-percent-source-links,flow-catechol-total-product-response-percent,catechol_total_product_yield_percent,source-links,datasets/model-ready/flow-catechol-total-product-response-percent/source-links.json,933,300b9457933d821feb42f6d2a6560ccf7e707c91cec7d4063608212be76d6aca,model-ready,staged,CC-BY-SA-4.0,pending,step-13-model-ready-staging,"[""release-artifact-target-flow-catechol-total-product-response-percent""]"
release-artifact-target-flow-catechol-total-product-response-percent-target-build-provenance,flow-catechol-total-product-response-percent,catechol_total_product_yield_percent,target-build-provenance,datasets/model-ready/flow-catechol-total-product-response-percent/target-build-provenance.json,988,332493010a799e49730ce6f68ed92d9925b55f2328801dec85ecbbd6f6ad37ce,model-ready,staged,CC-BY-SA-4.0,pending,step-13-model-ready-staging,"[""release-artifact-target-flow-catechol-total-product-response-percent""]"
release-artifact-target-flow-catechol-total-product-response-percent-yonod-config,flow-catechol-total-product-response-percent,catechol_total_product_yield_percent,yonod-config,datasets/model-ready/flow-catechol-total-product-response-percent/yonod-config.json,2293,aed9fd8b42827c3deee20fb6a6ed8feec6bd3e8d55cdc89bf962b39c74c6bc68,model-ready,staged,CC-BY-SA-4.0,pending,step-13-model-ready-staging,"[""release-artifact-target-flow-catechol-total-product-response-percent""]"
release-artifact-target-nano-c-n-photochemistry-yield-percent-audit,nano-c-n-photochemistry-yield-percent,nano_yield_percent,audit,datasets/model-ready/nano-c-n-photochemistry-yield-percent/audit.jsonl,1665722,f1068cc97bb89448b35c308d75ea7a382712ebb8f3eace4df2abf435b808a054,model-ready,staged,CC-BY-SA-4.0,pending,step-13-model-ready-staging,"[""release-artifact-target-nano-c-n-photochemistry-yield-percent""]"
release-artifact-target-nano-c-n-photochemistry-yield-percent-checksums,nano-c-n-photochemistry-yield-percent,nano_yield_percent,checksums,datasets/model-ready/nano-c-n-photochemistry-yield-percent/checksums.csv,809,d51c2bdec870ccbba1e4fc2fb15feb5ba396c92a1fefc68a1609281446adc904,model-ready,staged,CC-BY-SA-4.0,pending,step-13-model-ready-staging,"[""release-artifact-target-nano-c-n-photochemistry-yield-percent""]"
release-artifact-target-nano-c-n-photochemistry-yield-percent-dataset,nano-c-n-photochemistry-yield-percent,nano_yield_percent,dataset,datasets/model-ready/nano-c-n-photochemistry-yield-percent/dataset.csv,370116,21b8072d3587bc8b1290124dafa6fdcdceee501980b6e6a3769aee6ead804d6d,model-ready,staged,CC-BY-SA-4.0,pending,step-13-model-ready-staging,"[""release-artifact-target-nano-c-n-photochemistry-yield-percent""]"
release-artifact-target-nano-c-n-photochemistry-yield-percent-exclusions,nano-c-n-photochemistry-yield-percent,nano_yield_percent,exclusions,datasets/model-ready/nano-c-n-photochemistry-yield-percent/exclusions.csv,85,4db87054e05506fd5de5d774c6c8838094902ffa774d224d92780299eeee63a7,model-ready,staged,CC-BY-SA-4.0,pending,step-13-model-ready-staging,"[""release-artifact-target-nano-c-n-photochemistry-yield-percent""]"
release-artifact-target-nano-c-n-photochemistry-yield-percent-metadata,nano-c-n-photochemistry-yield-percent,nano_yield_percent,metadata,datasets/model-ready/nano-c-n-photochemistry-yield-percent/metadata.json,2981,6da9a585caa8fc2492aa40d4d853363c17bddd163c78307f3f7ef3266d7d19af,model-ready,staged,CC-BY-SA-4.0,pending,step-13-model-ready-staging,"[""release-artifact-target-nano-c-n-photochemistry-yield-percent""]"
release-artifact-target-nano-c-n-photochemistry-yield-percent-row-map,nano-c-n-photochemistry-yield-percent,nano_yield_percent,row-map,datasets/model-ready/nano-c-n-photochemistry-yield-percent/row-map.csv,346925,ffedd123fdc03215c748d8a18d3d86bbc4184b2b9ff44d2b968cc387fb5423d0,model-ready,staged,CC-BY-SA-4.0,pending,step-13-model-ready-staging,"[""release-artifact-target-nano-c-n-photochemistry-yield-percent""]"
release-artifact-target-nano-c-n-photochemistry-yield-percent-schema,nano-c-n-photochemistry-yield-percent,nano_yield_percent,schema,datasets/model-ready/nano-c-n-photochemistry-yield-percent/schema.json,1825,07e38d3719447d57e1f3dfb37b5cb0098baa29efd357009f70a5323e86de7087,model-ready,staged,CC-BY-SA-4.0,pending,step-13-model-ready-staging,"[""release-artifact-target-nano-c-n-photochemistry-yield-percent""]"
release-artifact-target-nano-c-n-photochemistry-yield-percent-source-links,nano-c-n-photochemistry-yield-percent,nano_yield_percent,source-links,datasets/model-ready/nano-c-n-photochemistry-yield-percent/source-links.json,934,2bbe2d8e6acd38581803871b3e8ac4354db06a0a77bed6c3350b2eeecc515586,model-ready,staged,CC-BY-SA-4.0,pending,step-13-model-ready-staging,"[""release-artifact-target-nano-c-n-photochemistry-yield-percent""]"
release-artifact-target-nano-c-n-photochemistry-yield-percent-target-build-provenance,nano-c-n-photochemistry-yield-percent,nano_yield_percent,target-build-provenance,datasets/model-ready/nano-c-n-photochemistry-yield-percent/target-build-provenance.json,970,93ebb7f4a0206611f73f3e130d2a06339bc20594c42eecbf62718630c5d1991b,model-ready,staged,CC-BY-SA-4.0,pending,step-13-model-ready-staging,"[""release-artifact-target-nano-c-n-photochemistry-yield-percent""]"
release-artifact-target-nano-c-n-photochemistry-yield-percent-yonod-config,nano-c-n-photochemistry-yield-percent,nano_yield_percent,yonod-config,datasets/model-ready/nano-c-n-photochemistry-yield-percent/yonod-config.json,3530,768f24c389f1b1623f93ec691def234cecb695d691ca962f23d0e43aa3cf5479,model-ready,staged,CC-BY-SA-4.0,pending,step-13-model-ready-staging,"[""release-artifact-target-nano-c-n-photochemistry-yield-percent""]"
release-artifact-target-nicolit-nickel-coupling-yield-percent-audit,nicolit-nickel-coupling-yield-percent,nicolit_yield_percent,audit,datasets/model-ready/nicolit-nickel-coupling-yield-percent/audit.jsonl,3856916,59f4a0c49a1a55400330b1bb372247098d02749e7c6a9155c9e4fab13ed44a6c,model-ready,staged,CC-BY-SA-4.0,pending,step-13-model-ready-staging,"[""release-artifact-target-nicolit-nickel-coupling-yield-percent""]"
release-artifact-target-nicolit-nickel-coupling-yield-percent-checksums,nicolit-nickel-coupling-yield-percent,nicolit_yield_percent,checksums,datasets/model-ready/nicolit-nickel-coupling-yield-percent/checksums.csv,812,eb16c51903dda1c2d24e6c24169572ce376669977ee9ec8801f473873e0d256a,model-ready,staged,CC-BY-SA-4.0,pending,step-13-model-ready-staging,"[""release-artifact-target-nicolit-nickel-coupling-yield-percent""]"
release-artifact-target-nicolit-nickel-coupling-yield-percent-dataset,nicolit-nickel-coupling-yield-percent,nicolit_yield_percent,dataset,datasets/model-ready/nicolit-nickel-coupling-yield-percent/dataset.csv,160767,51f705bdfc42ff0432cdb6288cda3ee9cbd6e2294c216fff13e5015e94b3deda,model-ready,staged,CC-BY-SA-4.0,pending,step-13-model-ready-staging,"[""release-artifact-target-nicolit-nickel-coupling-yield-percent""]"
release-artifact-target-nicolit-nickel-coupling-yield-percent-exclusions,nicolit-nickel-coupling-yield-percent,nicolit_yield_percent,exclusions,datasets/model-ready/nicolit-nickel-coupling-yield-percent/exclusions.csv,20593,0476f714c7b4f83f797f954722bd7dfbf0c02ca8deb4c4e358abcd1ac4b116ff,model-ready,staged,CC-BY-SA-4.0,pending,step-13-model-ready-staging,"[""release-artifact-target-nicolit-nickel-coupling-yield-percent""]"
release-artifact-target-nicolit-nickel-coupling-yield-percent-metadata,nicolit-nickel-coupling-yield-percent,nicolit_yield_percent,metadata,datasets/model-ready/nicolit-nickel-coupling-yield-percent/metadata.json,2976,72217590e7322e12583f8e0813875053a41f51646641090447b40e001cf8339c,model-ready,staged,CC-BY-SA-4.0,pending,step-13-model-ready-staging,"[""release-artifact-target-nicolit-nickel-coupling-yield-percent""]"
release-artifact-target-nicolit-nickel-coupling-yield-percent-row-map,nicolit-nickel-coupling-yield-percent,nicolit_yield_percent,row-map,datasets/model-ready/nicolit-nickel-coupling-yield-percent/row-map.csv,335061,acc6d7300beb9464bdc0ae3d9c5cdf8acf885588fca51460a036bfdef0351f03,model-ready,staged,CC-BY-SA-4.0,pending,step-13-model-ready-staging,"[""release-artifact-target-nicolit-nickel-coupling-yield-percent""]"
release-artifact-target-nicolit-nickel-coupling-yield-percent-schema,nicolit-nickel-coupling-yield-percent,nicolit_yield_percent,schema,datasets/model-ready/nicolit-nickel-coupling-yield-percent/schema.json,1470,638b58bff19c3c9f9def449ad88282b8d098f67875af61b8fbc51fb193b63b5b,model-ready,staged,CC-BY-SA-4.0,pending,step-13-model-ready-staging,"[""release-artifact-target-nicolit-nickel-coupling-yield-percent""]"
release-artifact-target-nicolit-nickel-coupling-yield-percent-source-links,nicolit-nickel-coupling-yield-percent,nicolit_yield_percent,source-links,datasets/model-ready/nicolit-nickel-coupling-yield-percent/source-links.json,934,482a40075cfb988ecae8e64ace20558deecbfa77161944666be5a73be261b740,model-ready,staged,CC-BY-SA-4.0,pending,step-13-model-ready-staging,"[""release-artifact-target-nicolit-nickel-coupling-yield-percent""]"
release-artifact-target-nicolit-nickel-coupling-yield-percent-target-build-provenance,nicolit-nickel-coupling-yield-percent,nicolit_yield_percent,target-build-provenance,datasets/model-ready/nicolit-nickel-coupling-yield-percent/target-build-provenance.json,973,f6ab1094ca9702204b3f01eb37888a50397a9f4c799e47d98c99022c99eadaaa,model-ready,staged,CC-BY-SA-4.0,pending,step-13-model-ready-staging,"[""release-artifact-target-nicolit-nickel-coupling-yield-percent""]"
release-artifact-target-nicolit-nickel-coupling-yield-percent-yonod-config,nicolit-nickel-coupling-yield-percent,nicolit_yield_percent,yonod-config,datasets/model-ready/nicolit-nickel-coupling-yield-percent/yonod-config.json,2257,650f46818eb3a6829e50a00af076e681c22474a5117cd4c1588d3569235ca6c0,model-ready,staged,CC-BY-SA-4.0,pending,step-13-model-ready-staging,"[""release-artifact-target-nicolit-nickel-coupling-yield-percent""]"
release-artifact-target-pfizer-hte-lc-area-percent-audit,pfizer-hte-lc-area-percent,pfizer_lcms_area_percent,audit,datasets/model-ready/pfizer-hte-lc-area-percent/audit.jsonl,54055777,fce81ca14d751160006f0334d7403a909dbdd2b091535d03bb5d1fbd7aea06f0,model-ready,staged,CC-BY-SA-4.0,pending,step-13-model-ready-staging,"[""release-artifact-target-pfizer-hte-lc-area-percent""]"
release-artifact-target-pfizer-hte-lc-area-percent-checksums,pfizer-hte-lc-area-percent,pfizer_lcms_area_percent,checksums,datasets/model-ready/pfizer-hte-lc-area-percent/checksums.csv,812,6cd4213495c63229e9595b89a5b8a966f426aab40e3823d01a34d64002ad5b23,model-ready,staged,CC-BY-SA-4.0,pending,step-13-model-ready-staging,"[""release-artifact-target-pfizer-hte-lc-area-percent""]"
release-artifact-target-pfizer-hte-lc-area-percent-dataset,pfizer-hte-lc-area-percent,pfizer_lcms_area_percent,dataset,datasets/model-ready/pfizer-hte-lc-area-percent/dataset.csv,7026314,acc5860363baddd0fc24e87bb66e37d550b4cb8e1accf301f5f2aadb6d25758d,model-ready,staged,CC-BY-SA-4.0,pending,step-13-model-ready-staging,"[""release-artifact-target-pfizer-hte-lc-area-percent""]"
release-artifact-target-pfizer-hte-lc-area-percent-exclusions,pfizer-hte-lc-area-percent,pfizer_lcms_area_percent,exclusions,datasets/model-ready/pfizer-hte-lc-area-percent/exclusions.csv,85,4db87054e05506fd5de5d774c6c8838094902ffa774d224d92780299eeee63a7,model-ready,staged,CC-BY-SA-4.0,pending,step-13-model-ready-staging,"[""release-artifact-target-pfizer-hte-lc-area-percent""]"
release-artifact-target-pfizer-hte-lc-area-percent-metadata,pfizer-hte-lc-area-percent,pfizer_lcms_area_percent,metadata,datasets/model-ready/pfizer-hte-lc-area-percent/metadata.json,2875,2762dce1f2bc8ffba834dcf2764fee1d0e7b4d7734ed898f03b13f59e8adceb2,model-ready,staged,CC-BY-SA-4.0,pending,step-13-model-ready-staging,"[""release-artifact-target-pfizer-hte-lc-area-percent""]"
release-artifact-target-pfizer-hte-lc-area-percent-row-map,pfizer-hte-lc-area-percent,pfizer_lcms_area_percent,row-map,datasets/model-ready/pfizer-hte-lc-area-percent/row-map.csv,8004659,e9105d86594a9816be25a1f5fc5b0ea5c8ca4fad28fcec7a77f70c5dbe4b7c0e,model-ready,staged,CC-BY-SA-4.0,pending,step-13-model-ready-staging,"[""release-artifact-target-pfizer-hte-lc-area-percent""]"
release-artifact-target-pfizer-hte-lc-area-percent-schema,pfizer-hte-lc-area-percent,pfizer_lcms_area_percent,schema,datasets/model-ready/pfizer-hte-lc-area-percent/schema.json,1679,03e62e5bee4e77e337451f7d6346d3bf6296039d9ec2dfa8967136f772dcf2fa,model-ready,staged,CC-BY-SA-4.0,pending,step-13-model-ready-staging,"[""release-artifact-target-pfizer-hte-lc-area-percent""]"
release-artifact-target-pfizer-hte-lc-area-percent-source-links,pfizer-hte-lc-area-percent,pfizer_lcms_area_percent,source-links,datasets/model-ready/pfizer-hte-lc-area-percent/source-links.json,936,2ab0caffa917bbdcebb9056d8171f739ce32752bb63178115187ae916d948e66,model-ready,staged,CC-BY-SA-4.0,pending,step-13-model-ready-staging,"[""release-artifact-target-pfizer-hte-lc-area-percent""]"
release-artifact-target-pfizer-hte-lc-area-percent-target-build-provenance,pfizer-hte-lc-area-percent,pfizer_lcms_area_percent,target-build-provenance,datasets/model-ready/pfizer-hte-lc-area-percent/target-build-provenance.json,976,b9f818666009b7c2bdcbcd7fc499241277b79e6959f55f1c0058f9929ac7ed01,model-ready,staged,CC-BY-SA-4.0,pending,step-13-model-ready-staging,"[""release-artifact-target-pfizer-hte-lc-area-percent""]"
release-artifact-target-pfizer-hte-lc-area-percent-yonod-config,pfizer-hte-lc-area-percent,pfizer_lcms_area_percent,yonod-config,datasets/model-ready/pfizer-hte-lc-area-percent/yonod-config.json,3854,4cc3205a96a6f4dcc9fd6c4cae8dc8154787fdf4453eb68ffe6d88eeaf18488c,model-ready,staged,CC-BY-SA-4.0,pending,step-13-model-ready-staging,"[""release-artifact-target-pfizer-hte-lc-area-percent""]"
release-artifact-target-photocatalytic-aryl-bromide-dehalogenation-conversion-percent-audit,photocatalytic-aryl-bromide-dehalogenation-conversion-percent,photodehalogenation_conversion_percent,audit,datasets/model-ready/photocatalytic-aryl-bromide-dehalogenation-conversion-percent/audit.jsonl,1012332,111bbbe137bb48cf53fbacfddbc33b1a4545adaedd9ff7574cbcceb5a3afdad1,model-ready,staged,CC-BY-SA-4.0,pending,step-13-model-ready-staging,"[""release-artifact-target-photocatalytic-aryl-bromide-dehalogenation-conversion-percent""]"
release-artifact-target-photocatalytic-aryl-bromide-dehalogenation-conversion-percent-checksums,photocatalytic-aryl-bromide-dehalogenation-conversion-percent,photodehalogenation_conversion_percent,checksums,datasets/model-ready/photocatalytic-aryl-bromide-dehalogenation-conversion-percent/checksums.csv,809,9d24750371bfdc7b10c3eff3c933db3aca02b6e5583febe21d393406b94d9827,model-ready,staged,CC-BY-SA-4.0,pending,step-13-model-ready-staging,"[""release-artifact-target-photocatalytic-aryl-bromide-dehalogenation-conversion-percent""]"
release-artifact-target-photocatalytic-aryl-bromide-dehalogenation-conversion-percent-dataset,photocatalytic-aryl-bromide-dehalogenation-conversion-percent,photodehalogenation_conversion_percent,dataset,datasets/model-ready/photocatalytic-aryl-bromide-dehalogenation-conversion-percent/dataset.csv,238260,427e149d84943bb82adcf3066be751edd2418696bb8b972177e510663a1a2ef3,model-ready,staged,CC-BY-SA-4.0,pending,step-13-model-ready-staging,"[""release-artifact-target-photocatalytic-aryl-bromide-dehalogenation-conversion-percent""]"
release-artifact-target-photocatalytic-aryl-bromide-dehalogenation-conversion-percent-exclusions,photocatalytic-aryl-bromide-dehalogenation-conversion-percent,photodehalogenation_conversion_percent,exclusions,datasets/model-ready/photocatalytic-aryl-bromide-dehalogenation-conversion-percent/exclusions.csv,85,4db87054e05506fd5de5d774c6c8838094902ffa774d224d92780299eeee63a7,model-ready,staged,CC-BY-SA-4.0,pending,step-13-model-ready-staging,"[""release-artifact-target-photocatalytic-aryl-bromide-dehalogenation-conversion-percent""]"
release-artifact-target-photocatalytic-aryl-bromide-dehalogenation-conversion-percent-metadata,photocatalytic-aryl-bromide-dehalogenation-conversion-percent,photodehalogenation_conversion_percent,metadata,datasets/model-ready/photocatalytic-aryl-bromide-dehalogenation-conversion-percent/metadata.json,3217,5c27016891ffe66bafc9731d65c9c9c3537d2eac0df2ffafd9bafaf74ed4f27e,model-ready,staged,CC-BY-SA-4.0,pending,step-13-model-ready-staging,"[""release-artifact-target-photocatalytic-aryl-bromide-dehalogenation-conversion-percent""]"
release-artifact-target-photocatalytic-aryl-bromide-dehalogenation-conversion-percent-row-map,photocatalytic-aryl-bromide-dehalogenation-conversion-percent,photodehalogenation_conversion_percent,row-map,datasets/model-ready/photocatalytic-aryl-bromide-dehalogenation-conversion-percent/row-map.csv,230573,e1c91bfc396d85a7b2fda5f219366b114cdb24908922758445734504ef8bfc0b,model-ready,staged,CC-BY-SA-4.0,pending,step-13-model-ready-staging,"[""release-artifact-target-photocatalytic-aryl-bromide-dehalogenation-conversion-percent""]"
release-artifact-target-photocatalytic-aryl-bromide-dehalogenation-conversion-percent-schema,photocatalytic-aryl-bromide-dehalogenation-conversion-percent,photodehalogenation_conversion_percent,schema,datasets/model-ready/photocatalytic-aryl-bromide-dehalogenation-conversion-percent/schema.json,1674,701e39c8d386813caa498b191451173872a77eca2b8aa7d962a8aeb667593323,model-ready,staged,CC-BY-SA-4.0,pending,step-13-model-ready-staging,"[""release-artifact-target-photocatalytic-aryl-bromide-dehalogenation-conversion-percent""]"
release-artifact-target-photocatalytic-aryl-bromide-dehalogenation-conversion-percent-source-links,photocatalytic-aryl-bromide-dehalogenation-conversion-percent,photodehalogenation_conversion_percent,source-links,datasets/model-ready/photocatalytic-aryl-bromide-dehalogenation-conversion-percent/source-links.json,934,612be6c6ec62353f2601fea2384c9136943ddfd49c494798cee6f06650c04642,model-ready,staged,CC-BY-SA-4.0,pending,step-13-model-ready-staging,"[""release-artifact-target-photocatalytic-aryl-bromide-dehalogenation-conversion-percent""]"
release-artifact-target-photocatalytic-aryl-bromide-dehalogenation-conversion-percent-target-build-provenance,photocatalytic-aryl-bromide-dehalogenation-conversion-percent,photodehalogenation_conversion_percent,target-build-provenance,datasets/model-ready/photocatalytic-aryl-bromide-dehalogenation-conversion-percent/target-build-provenance.json,990,d9b68e4bf515bb9feff182da934d43eb3e3ffa7ce9118a2ce0d167df21272e5b,model-ready,staged,CC-BY-SA-4.0,pending,step-13-model-ready-staging,"[""release-artifact-target-photocatalytic-aryl-bromide-dehalogenation-conversion-percent""]"
release-artifact-target-photocatalytic-aryl-bromide-dehalogenation-conversion-percent-yonod-config,photocatalytic-aryl-bromide-dehalogenation-conversion-percent,photodehalogenation_conversion_percent,yonod-config,datasets/model-ready/photocatalytic-aryl-bromide-dehalogenation-conversion-percent/yonod-config.json,2840,dccc6c726e14061d898de9d6ff28151fb7ea7c8b3aaf9cdf6dbf569ae7319bad,model-ready,staged,CC-BY-SA-4.0,pending,step-13-model-ready-staging,"[""release-artifact-target-photocatalytic-aryl-bromide-dehalogenation-conversion-percent""]"
release-artifact-target-roche-borylation-yield-percent-audit,roche-borylation-yield-percent,roche_borylation_yield_percent,audit,datasets/model-ready/roche-borylation-yield-percent/audit.jsonl,997116,09ac3d6d059b8e137d529a851d3b37f67deefec7c3a46578f7b0d251528c5402,model-ready,staged,CC-BY-SA-4.0,pending,step-13-model-ready-staging,"[""release-artifact-target-roche-borylation-yield-percent""]"
release-artifact-target-roche-borylation-yield-percent-checksums,roche-borylation-yield-percent,roche_borylation_yield_percent,checksums,datasets/model-ready/roche-borylation-yield-percent/checksums.csv,811,24aefeae000fa485b62875ed4e856caa595bca5942782e2e3f4fae8f1c87f7fa,model-ready,staged,CC-BY-SA-4.0,pending,step-13-model-ready-staging,"[""release-artifact-target-roche-borylation-yield-percent""]"
release-artifact-target-roche-borylation-yield-percent-dataset,roche-borylation-yield-percent,roche_borylation_yield_percent,dataset,datasets/model-ready/roche-borylation-yield-percent/dataset.csv,198095,35b3444917708e5a19956e5f871fd9b83958ad3b2484874b0ba85d21f381e5e8,model-ready,staged,CC-BY-SA-4.0,pending,step-13-model-ready-staging,"[""release-artifact-target-roche-borylation-yield-percent""]"
release-artifact-target-roche-borylation-yield-percent-exclusions,roche-borylation-yield-percent,roche_borylation_yield_percent,exclusions,datasets/model-ready/roche-borylation-yield-percent/exclusions.csv,34566,b873947560cf6be312945177da380d57b56169359e225ed2dcae4e86cc2bc28f,model-ready,staged,CC-BY-SA-4.0,pending,step-13-model-ready-staging,"[""release-artifact-target-roche-borylation-yield-percent""]"
release-artifact-target-roche-borylation-yield-percent-metadata,roche-borylation-yield-percent,roche_borylation_yield_percent,metadata,datasets/model-ready/roche-borylation-yield-percent/metadata.json,2912,f92864ff5f947c764e200e1631f42980fbd3687838fe936421004eab6065682c,model-ready,staged,CC-BY-SA-4.0,pending,step-13-model-ready-staging,"[""release-artifact-target-roche-borylation-yield-percent""]"
release-artifact-target-roche-borylation-yield-percent-row-map,roche-borylation-yield-percent,roche_borylation_yield_percent,row-map,datasets/model-ready/roche-borylation-yield-percent/row-map.csv,177963,ee49ecdc3cc1f6204501ab73c1b4c6954ef7cc476d646a3ae8c5530007b7ba3b,model-ready,staged,CC-BY-SA-4.0,pending,step-13-model-ready-staging,"[""release-artifact-target-roche-borylation-yield-percent""]"
release-artifact-target-roche-borylation-yield-percent-schema,roche-borylation-yield-percent,roche_borylation_yield_percent,schema,datasets/model-ready/roche-borylation-yield-percent/schema.json,1769,de9a7f69cc77ccff4893cadc4b40cc0d333b8e78fa30a51dfb662a4a85769fd7,model-ready,staged,CC-BY-SA-4.0,pending,step-13-model-ready-staging,"[""release-artifact-target-roche-borylation-yield-percent""]"
release-artifact-target-roche-borylation-yield-percent-source-links,roche-borylation-yield-percent,roche_borylation_yield_percent,source-links,datasets/model-ready/roche-borylation-yield-percent/source-links.json,934,2927b470ff5214914530529aa140761169d76e43a86a37e881a35bb540ff1d3e,model-ready,staged,CC-BY-SA-4.0,pending,step-13-model-ready-staging,"[""release-artifact-target-roche-borylation-yield-percent""]"
release-artifact-target-roche-borylation-yield-percent-target-build-provenance,roche-borylation-yield-percent,roche_borylation_yield_percent,target-build-provenance,datasets/model-ready/roche-borylation-yield-percent/target-build-provenance.json,982,9e9f587d6f8321f9f0d7ea99a3ff0759cf7ee54bec781ca422682b9ed443d524,model-ready,staged,CC-BY-SA-4.0,pending,step-13-model-ready-staging,"[""release-artifact-target-roche-borylation-yield-percent""]"
release-artifact-target-roche-borylation-yield-percent-yonod-config,roche-borylation-yield-percent,roche_borylation_yield_percent,yonod-config,datasets/model-ready/roche-borylation-yield-percent/yonod-config.json,3613,d8f689b30192b89ace8a1a1cf2ba154329fa2fa4eb34e5d824b8d3dea18a16ee,model-ready,staged,CC-BY-SA-4.0,pending,step-13-model-ready-staging,"[""release-artifact-target-roche-borylation-yield-percent""]"
release-artifact-target-science-hte-relative-lc-area-ratio-audit,science-hte-relative-lc-area-ratio,science_hte_diverse_nucleophile_relative_lc_area_ratio,audit,datasets/model-ready/science-hte-relative-lc-area-ratio/audit.jsonl,7641386,20d3cd578b86e0b125ccbe0e3ea3782dd2050c0a48fd2709c2aaa1d4ac6228fe,model-ready,staged,CC-BY-SA-4.0,pending,step-13-model-ready-staging,"[""release-artifact-target-science-hte-relative-lc-area-ratio""]"
release-artifact-target-science-hte-relative-lc-area-ratio-checksums,science-hte-relative-lc-area-ratio,science_hte_diverse_nucleophile_relative_lc_area_ratio,checksums,datasets/model-ready/science-hte-relative-lc-area-ratio/checksums.csv,811,354ca05ad4e1816f77b6e732705e220c9dd5427689bf0970acb55cae8583f14f,model-ready,staged,CC-BY-SA-4.0,pending,step-13-model-ready-staging,"[""release-artifact-target-science-hte-relative-lc-area-ratio""]"
release-artifact-target-science-hte-relative-lc-area-ratio-dataset,science-hte-relative-lc-area-ratio,science_hte_diverse_nucleophile_relative_lc_area_ratio,dataset,datasets/model-ready/science-hte-relative-lc-area-ratio/dataset.csv,340725,2d1bfd835869c7263d37d035131981fb4042f9c93671640ea983deb5f417e163,model-ready,staged,CC-BY-SA-4.0,pending,step-13-model-ready-staging,"[""release-artifact-target-science-hte-relative-lc-area-ratio""]"
release-artifact-target-science-hte-relative-lc-area-ratio-exclusions,science-hte-relative-lc-area-ratio,science_hte_diverse_nucleophile_relative_lc_area_ratio,exclusions,datasets/model-ready/science-hte-relative-lc-area-ratio/exclusions.csv,1268,1cbc613a6828a169615d29e6f979431f4a44e2f27b3d3d443be0612a223d3893,model-ready,staged,CC-BY-SA-4.0,pending,step-13-model-ready-staging,"[""release-artifact-target-science-hte-relative-lc-area-ratio""]"
release-artifact-target-science-hte-relative-lc-area-ratio-metadata,science-hte-relative-lc-area-ratio,science_hte_diverse_nucleophile_relative_lc_area_ratio,metadata,datasets/model-ready/science-hte-relative-lc-area-ratio/metadata.json,2994,234a8170fd5d90ac75608a702933951a41d0dda6192242783a74fd710097c81e,model-ready,staged,CC-BY-SA-4.0,pending,step-13-model-ready-staging,"[""release-artifact-target-science-hte-relative-lc-area-ratio""]"
release-artifact-target-science-hte-relative-lc-area-ratio-row-map,science-hte-relative-lc-area-ratio,science_hte_diverse_nucleophile_relative_lc_area_ratio,row-map,datasets/model-ready/science-hte-relative-lc-area-ratio/row-map.csv,359199,5863de3a012bf0587a435d0487d58f59c50434c1ff45c38cea6ea6d9aedb7a07,model-ready,staged,CC-BY-SA-4.0,pending,step-13-model-ready-staging,"[""release-artifact-target-science-hte-relative-lc-area-ratio""]"
release-artifact-target-science-hte-relative-lc-area-ratio-schema,science-hte-relative-lc-area-ratio,science_hte_diverse_nucleophile_relative_lc_area_ratio,schema,datasets/model-ready/science-hte-relative-lc-area-ratio/schema.json,1796,dfd7876422cde7d9278c54b9a537d36e8007a5853c769445e4cbf7acb99f6365,model-ready,staged,CC-BY-SA-4.0,pending,step-13-model-ready-staging,"[""release-artifact-target-science-hte-relative-lc-area-ratio""]"
release-artifact-target-science-hte-relative-lc-area-ratio-source-links,science-hte-relative-lc-area-ratio,science_hte_diverse_nucleophile_relative_lc_area_ratio,source-links,datasets/model-ready/science-hte-relative-lc-area-ratio/source-links.json,920,ef38c357f5aa0ca677546468b526a772953f6e982b867fa5df9e5148f31cdcb7,model-ready,staged,CC-BY-SA-4.0,pending,step-13-model-ready-staging,"[""release-artifact-target-science-hte-relative-lc-area-ratio""]"
release-artifact-target-science-hte-relative-lc-area-ratio-target-build-provenance,science-hte-relative-lc-area-ratio,science_hte_diverse_nucleophile_relative_lc_area_ratio,target-build-provenance,datasets/model-ready/science-hte-relative-lc-area-ratio/target-build-provenance.json,992,cd32db47f4098adbd38229e6e93fa7fcb254027287209da076b7a81eb52c10c0,model-ready,staged,CC-BY-SA-4.0,pending,step-13-model-ready-staging,"[""release-artifact-target-science-hte-relative-lc-area-ratio""]"
release-artifact-target-science-hte-relative-lc-area-ratio-yonod-config,science-hte-relative-lc-area-ratio,science_hte_diverse_nucleophile_relative_lc_area_ratio,yonod-config,datasets/model-ready/science-hte-relative-lc-area-ratio/yonod-config.json,3168,e7e2fb5e49d114e192498f4b7b038385f6be3cebce601e5a3a730f0c155bfe21,model-ready,staged,CC-BY-SA-4.0,pending,step-13-model-ready-staging,"[""release-artifact-target-science-hte-relative-lc-area-ratio""]"
release-artifact-target-shields-arylation-yield-percent-audit,shields-arylation-yield-percent,shields_yield_percent,audit,datasets/model-ready/shields-arylation-yield-percent/audit.jsonl,2035320,bd3678420148dd4f9b41942364cb825ca54f5d8895079d3f3610c52147a041dd,model-ready,staged,CC-BY-SA-4.0,pending,step-13-model-ready-staging,"[""release-artifact-target-shields-arylation-yield-percent""]"
release-artifact-target-shields-arylation-yield-percent-checksums,shields-arylation-yield-percent,shields_yield_percent,checksums,datasets/model-ready/shields-arylation-yield-percent/checksums.csv,810,3ecbde25762896c33993ea6719246dc635c7121eb31115aeb2bad0a637c6ebb4,model-ready,staged,CC-BY-SA-4.0,pending,step-13-model-ready-staging,"[""release-artifact-target-shields-arylation-yield-percent""]"
release-artifact-target-shields-arylation-yield-percent-dataset,shields-arylation-yield-percent,shields_yield_percent,dataset,datasets/model-ready/shields-arylation-yield-percent/dataset.csv,379410,35e1698ae9f8e57ea96ca351008f78770c7cba8343db0c68ac2bd44e1362e61d,model-ready,staged,CC-BY-SA-4.0,pending,step-13-model-ready-staging,"[""release-artifact-target-shields-arylation-yield-percent""]"
release-artifact-target-shields-arylation-yield-percent-exclusions,shields-arylation-yield-percent,shields_yield_percent,exclusions,datasets/model-ready/shields-arylation-yield-percent/exclusions.csv,85,4db87054e05506fd5de5d774c6c8838094902ffa774d224d92780299eeee63a7,model-ready,staged,CC-BY-SA-4.0,pending,step-13-model-ready-staging,"[""release-artifact-target-shields-arylation-yield-percent""]"
release-artifact-target-shields-arylation-yield-percent-metadata,shields-arylation-yield-percent,shields_yield_percent,metadata,datasets/model-ready/shields-arylation-yield-percent/metadata.json,2962,99d46940603d9e350307c20197f983a86407fcfcaf61df91642417877b2e6420,model-ready,staged,CC-BY-SA-4.0,pending,step-13-model-ready-staging,"[""release-artifact-target-shields-arylation-yield-percent""]"
release-artifact-target-shields-arylation-yield-percent-row-map,shields-arylation-yield-percent,shields_yield_percent,row-map,datasets/model-ready/shields-arylation-yield-percent/row-map.csv,398271,50f04d02cfaa44edb71cbbd10d937ef3e37bc7efe4bbcaf7312a2315181a69be,model-ready,staged,CC-BY-SA-4.0,pending,step-13-model-ready-staging,"[""release-artifact-target-shields-arylation-yield-percent""]"
release-artifact-target-shields-arylation-yield-percent-schema,shields-arylation-yield-percent,shields_yield_percent,schema,datasets/model-ready/shields-arylation-yield-percent/schema.json,1732,01b7f6266eeae778f5e29e3eeef468cb67b7f8718d0ad72552cbf4f630a1ef52,model-ready,staged,CC-BY-SA-4.0,pending,step-13-model-ready-staging,"[""release-artifact-target-shields-arylation-yield-percent""]"
release-artifact-target-shields-arylation-yield-percent-source-links,shields-arylation-yield-percent,shields_yield_percent,source-links,datasets/model-ready/shields-arylation-yield-percent/source-links.json,1672,3337b2d32c7fcd0973128c728ba4275cc5baa870a3257fc8c1154f01c23c4946,model-ready,staged,CC-BY-SA-4.0,pending,step-13-model-ready-staging,"[""release-artifact-target-shields-arylation-yield-percent""]"
release-artifact-target-shields-arylation-yield-percent-target-build-provenance,shields-arylation-yield-percent,shields_yield_percent,target-build-provenance,datasets/model-ready/shields-arylation-yield-percent/target-build-provenance.json,962,97a71292f817ada3a82f2bff509b665921c003f01740d3d9f248a520e9e7741f,model-ready,staged,CC-BY-SA-4.0,pending,step-13-model-ready-staging,"[""release-artifact-target-shields-arylation-yield-percent""]"
release-artifact-target-shields-arylation-yield-percent-yonod-config,shields-arylation-yield-percent,shields_yield_percent,yonod-config,datasets/model-ready/shields-arylation-yield-percent/yonod-config.json,3045,9333501cc95a89e2594eabe61a444f5e7ae132ef9336104c0baa8d688f7dc5a4,model-ready,staged,CC-BY-SA-4.0,pending,step-13-model-ready-staging,"[""release-artifact-target-shields-arylation-yield-percent""]"
release-artifact-target-suzuki-miyaura-nanoscale-yield-percent-audit,suzuki-miyaura-nanoscale-yield-percent,suzuki_yield_percent,audit,datasets/model-ready/suzuki-miyaura-nanoscale-yield-percent/audit.jsonl,5575840,d96060c7a5a7e8eee55a6b76dba11b5716f8f335c16bc68173aa5fc4da2f2b79,model-ready,staged,CC-BY-SA-4.0,pending,step-13-model-ready-staging,"[""release-artifact-target-suzuki-miyaura-nanoscale-yield-percent""]"
release-artifact-target-suzuki-miyaura-nanoscale-yield-percent-checksums,suzuki-miyaura-nanoscale-yield-percent,suzuki_yield_percent,checksums,datasets/model-ready/suzuki-miyaura-nanoscale-yield-percent/checksums.csv,811,1b2114b76bdfa9e7196faf53b48f688485def7be2dd28c3fb0c1f33023117b6a,model-ready,staged,CC-BY-SA-4.0,pending,step-13-model-ready-staging,"[""release-artifact-target-suzuki-miyaura-nanoscale-yield-percent""]"
release-artifact-target-suzuki-miyaura-nanoscale-yield-percent-dataset,suzuki-miyaura-nanoscale-yield-percent,suzuki_yield_percent,dataset,datasets/model-ready/suzuki-miyaura-nanoscale-yield-percent/dataset.csv,1706821,75466f69ef7bcc53a3be76914166b91dd091c57471b62a4d69f5754f030c9f97,model-ready,staged,CC-BY-SA-4.0,pending,step-13-model-ready-staging,"[""release-artifact-target-suzuki-miyaura-nanoscale-yield-percent""]"
release-artifact-target-suzuki-miyaura-nanoscale-yield-percent-exclusions,suzuki-miyaura-nanoscale-yield-percent,suzuki_yield_percent,exclusions,datasets/model-ready/suzuki-miyaura-nanoscale-yield-percent/exclusions.csv,85,4db87054e05506fd5de5d774c6c8838094902ffa774d224d92780299eeee63a7,model-ready,staged,CC-BY-SA-4.0,pending,step-13-model-ready-staging,"[""release-artifact-target-suzuki-miyaura-nanoscale-yield-percent""]"
release-artifact-target-suzuki-miyaura-nanoscale-yield-percent-metadata,suzuki-miyaura-nanoscale-yield-percent,suzuki_yield_percent,metadata,datasets/model-ready/suzuki-miyaura-nanoscale-yield-percent/metadata.json,3002,5dd1a58fa94f83074be4efd60eb86af822ffed775d5642ad8e8c2a964d4352bf,model-ready,staged,CC-BY-SA-4.0,pending,step-13-model-ready-staging,"[""release-artifact-target-suzuki-miyaura-nanoscale-yield-percent""]"
release-artifact-target-suzuki-miyaura-nanoscale-yield-percent-row-map,suzuki-miyaura-nanoscale-yield-percent,suzuki_yield_percent,row-map,datasets/model-ready/suzuki-miyaura-nanoscale-yield-percent/row-map.csv,1161389,175f9d5922e70418d935aa0aea4113151005cefe12a8de714023a8397c224786,model-ready,staged,CC-BY-SA-4.0,pending,step-13-model-ready-staging,"[""release-artifact-target-suzuki-miyaura-nanoscale-yield-percent""]"
release-artifact-target-suzuki-miyaura-nanoscale-yield-percent-schema,suzuki-miyaura-nanoscale-yield-percent,suzuki_yield_percent,schema,datasets/model-ready/suzuki-miyaura-nanoscale-yield-percent/schema.json,1979,b7be306c738e568aa6e1009857737bf9dcc170ac016498e86afb12229a02ff4f,model-ready,staged,CC-BY-SA-4.0,pending,step-13-model-ready-staging,"[""release-artifact-target-suzuki-miyaura-nanoscale-yield-percent""]"
release-artifact-target-suzuki-miyaura-nanoscale-yield-percent-source-links,suzuki-miyaura-nanoscale-yield-percent,suzuki_yield_percent,source-links,datasets/model-ready/suzuki-miyaura-nanoscale-yield-percent/source-links.json,934,80cd70e12545fc71561951538ad2ee65a3ea4bc49400eb45caa6d2b14c9b12ea,model-ready,staged,CC-BY-SA-4.0,pending,step-13-model-ready-staging,"[""release-artifact-target-suzuki-miyaura-nanoscale-yield-percent""]"
release-artifact-target-suzuki-miyaura-nanoscale-yield-percent-target-build-provenance,suzuki-miyaura-nanoscale-yield-percent,suzuki_yield_percent,target-build-provenance,datasets/model-ready/suzuki-miyaura-nanoscale-yield-percent/target-build-provenance.json,972,1cdc6103210e8b09b4b89f541238bbde4deffa23852ef3469e5a1582bfb4df49,model-ready,staged,CC-BY-SA-4.0,pending,step-13-model-ready-staging,"[""release-artifact-target-suzuki-miyaura-nanoscale-yield-percent""]"
release-artifact-target-suzuki-miyaura-nanoscale-yield-percent-yonod-config,suzuki-miyaura-nanoscale-yield-percent,suzuki_yield_percent,yonod-config,datasets/model-ready/suzuki-miyaura-nanoscale-yield-percent/yonod-config.json,4058,6cde9da49886861767c7dd5526ec4bb61752c07bc1a4dbee955baa4262c1ebb2,model-ready,staged,CC-BY-SA-4.0,pending,step-13-model-ready-staging,"[""release-artifact-target-suzuki-miyaura-nanoscale-yield-percent""]"
